"YearBCE","Sites","SPD"
-5500,25,0.0719948329
-5499,21,0.0706271998
-5498,21,0.0693103593
-5497,21,0.0680578222
-5496,21,0.0668823395
-5495,21,0.0657900705
-5494,21,0.0647880408
-5493,21,0.0638812525
-5492,21,0.0630742355
-5491,21,0.0623711806
-5490,21,0.0617502921
-5489,21,0.0612118255
-5488,21,0.0607561065
-5487,21,0.060382965
-5486,21,0.0600924167
-5485,21,0.0598402182
-5484,21,0.0596263062
-5483,21,0.0594505976
-5482,21,0.0593127918
-5481,21,0.0592129785
-5480,21,0.0590914097
-5479,21,0.0589486744
-5478,21,0.0587843645
-5477,21,0.0585984747
-5476,21,0.058391006
-5475,21,0.058153282
-5474,21,0.0578850876
-5473,21,0.0575864069
-5472,21,0.0572570624
-5471,21,0.0568972991
-5470,21,0.0565408061
-5469,21,0.0561876004
-5468,21,0.0558377018
-5467,21,0.055491133
-5466,21,0.05514792
-5465,21,0.0548547191
-5464,21,0.0546103678
-5463,21,0.0544141297
-5462,21,0.0542649343
-5461,21,0.0541617082
-5460,21,0.0541529095
-5459,21,0.054231746
-5458,21,0.0543897813
-5457,21,0.054618379
-5456,21,0.0549082949
-5455,21,0.0552729726
-5454,21,0.055697518
-5453,21,0.0561670754
-5452,21,0.0566667347
-5451,21,0.0571823904
-5450,21,0.0577123464
-5449,21,0.0582415991
-5448,21,0.058756073
-5447,21,0.0592423332
-5446,21,0.0596876836
-5445,21,0.0600882156
-5444,21,0.0604371472
-5443,21,0.060729896
-5442,21,0.0609619331
-5441,21,0.0611292295
-5440,21,0.061247959
-5439,21,0.0613180327
-5438,21,0.0613392456
-5437,21,0.0613114431
-5436,21,0.0612350411
-5435,21,0.0611220917
-5434,21,0.0609726097
-5433,21,0.0607866445
-5432,21,0.0605644781
-5431,21,0.0603060165
-5430,21,0.0600295875
-5429,21,0.0597348074
-5428,21,0.0594223556
-5427,21,0.0590927426
-5426,21,0.0587463358
-5425,21,0.0584038811
-5424,21,0.0580657553
-5423,21,0.0577319366
-5422,21,0.0574029914
-5421,21,0.0570786793
-5420,21,0.0567807742
-5419,21,0.0565093579
-5418,21,0.0562643003
-5417,21,0.0560458619
-5416,21,0.0558540805
-5415,21,0.0556936233
-5414,21,0.0555648479
-5413,21,0.0554682465
-5412,21,0.0554040749
-5411,21,0.0553725521
-5410,21,0.0553710864
-5409,21,0.0553998435
-5408,21,0.0554585549
-5407,21,0.0555472898
-5406,21,0.0556660801
-5405,21,0.0558065607
-5404,21,0.0559687061
-5403,21,0.0561524388
-5402,21,0.0563576619
-5401,21,0.0565840273
-5400,21,0.0568315718
-5399,21,0.0570994482
-5398,21,0.0573870565
-5397,21,0.0576936773
-5396,21,0.0580183248
-5395,21,0.0583656672
-5394,21,0.058734273
-5393,21,0.0591228266
-5392,21,0.0595303086
-5391,21,0.0599550535
-5390,21,0.0604044235
-5389,21,0.0608775225
-5388,21,0.0613734972
-5387,21,0.0618914266
-5386,21,0.0624301836
-5385,21,0.0629994337
-5384,21,0.063598935
-5383,21,0.0642284194
-5382,21,0.064887593
-5381,21,0.0655761369
-5380,21,0.066295915
-5379,21,0.0670467177
-5378,21,0.0678282705
-5377,21,0.0686400673
-5376,21,0.0694817395
-5375,21,0.0703384757
-5374,21,0.0712100863
-5373,21,0.0720965823
-5372,21,0.0729975487
-5371,21,0.0739129557
-5370,21,0.0748216391
-5369,21,0.0757234366
-5368,21,0.0766183895
-5367,21,0.0775061401
-5366,21,0.0783865454
-5365,21,0.0792474347
-5364,21,0.0800884016
-5363,21,0.0809089037
-5362,21,0.081708633
-5361,21,0.0824873168
-5360,21,0.0832412116
-5359,21,0.0839699092
-5358,21,0.0846736349
-5357,21,0.085352275
-5356,21,0.0860057524
-5355,21,0.0866375773
-5354,21,0.0872476044
-5353,21,0.0878355376
-5352,21,0.0884013073
-5351,21,0.0889451007
-5350,21,0.0894675902
-5349,21,0.0899677624
-5348,21,0.090444422
-5347,21,0.0908971336
-5346,21,0.091326024
-5345,21,0.0917324503
-5344,21,0.0921172012
-5343,21,0.0924810801
-5342,21,0.0928259359
-5341,21,0.0931537462
-5340,21,0.0934699648
-5339,21,0.0937758473
-5338,21,0.0940728627
-5337,21,0.094362777
-5336,21,0.0946471615
-5335,21,0.0949364653
-5334,21,0.0952314638
-5333,21,0.0955331635
-5332,21,0.095841497
-5331,21,0.0961564783
-5330,21,0.0964887139
-5329,21,0.0968368965
-5328,21,0.0971994499
-5327,21,0.0975740215
-5326,21,0.0979579041
-5325,21,0.0983512666
-5324,21,0.0987518565
-5323,21,0.0991563428
-5322,21,0.0995615216
-5321,21,0.099963886
-5320,21,0.1003578658
-5319,21,0.1007428334
-5318,21,0.1011181822
-5317,21,0.1014833314
-5316,21,0.101837731
-5315,21,0.102184331
-5314,21,0.1025228779
-5313,21,0.1028531329
-5312,21,0.1031748735
-5311,21,0.1034878941
-5310,21,0.103795408
-5309,21,0.1040974498
-5308,21,0.1043940713
-5307,21,0.1046853403
-5306,21,0.10497134
-5305,21,0.1052514441
-5304,21,0.1055258113
-5303,21,0.1057945993
-5302,21,0.1060581621
-5301,21,0.1063166496
-5300,21,0.1065632787
-5299,21,0.1067995709
-5298,21,0.1070269848
-5297,21,0.1072463428
-5296,21,0.1074581769
-5295,21,0.1076618875
-5294,21,0.1078579759
-5293,21,0.1080466068
-5292,21,0.1082269917
-5291,21,0.1083986696
-5290,21,0.1085593425
-5289,21,0.1087086233
-5288,21,0.10884587
-5287,21,0.1089704091
-5286,21,0.1090817697
-5285,21,0.1091771472
-5284,21,0.1092560193
-5283,21,0.1093176354
-5282,21,0.1093623213
-5281,21,0.1093903226
-5280,21,0.1094008834
-5279,21,0.1093953142
-5278,21,0.1093751945
-5277,21,0.1093428794
-5276,21,0.1093010784
-5275,21,0.1092522592
-5274,21,0.1091986376
-5273,21,0.1091435086
-5272,21,0.1090900417
-5271,21,0.1090417099
-5270,21,0.1089997292
-5269,21,0.1089647552
-5268,21,0.1089374179
-5267,21,0.1089183164
-5266,21,0.1089080142
-5265,21,0.1089045607
-5264,21,0.108908217
-5263,21,0.108919227
-5262,21,0.1089378164
-5261,21,0.1089641919
-5260,21,0.1089950605
-5259,21,0.1090301323
-5258,21,0.1090691035
-5257,21,0.1091116589
-5256,21,0.1091574736
-5255,21,0.1091964584
-5254,21,0.1092275052
-5253,21,0.1092494286
-5252,21,0.1092615166
-5251,21,0.1092629704
-5250,21,0.1092471154
-5249,21,0.1092130672
-5248,21,0.1091601192
-5247,21,0.1090877693
-5246,21,0.1089957441
-5245,21,0.1088712281
-5244,21,0.1087161141
-5243,21,0.1085335013
-5242,21,0.1083276117
-5241,21,0.1081039888
-5240,21,0.1078715438
-5239,21,0.1076376036
-5238,21,0.1074095723
-5237,21,0.107193502
-5236,21,0.1069942846
-5235,21,0.1068145958
-5234,21,0.106655766
-5233,21,0.106517275
-5232,21,0.10639796
-5231,21,0.1062942239
-5230,21,0.1061957233
-5229,21,0.1061011534
-5228,21,0.106008675
-5227,21,0.1059165533
-5226,21,0.1058228529
-5225,21,0.1057277619
-5224,21,0.1056305715
-5223,21,0.105530367
-5222,21,0.1054260484
-5221,21,0.1053169594
-5220,21,0.1052017578
-5219,21,0.1050800382
-5218,21,0.1049514144
-5217,21,0.1048155227
-5216,21,0.1046718345
-5215,21,0.104524623
-5214,21,0.1043738899
-5213,21,0.104219442
-5212,21,0.1040614915
-5211,21,0.1039000474
-5210,21,0.1037449317
-5209,21,0.1035960831
-5208,21,0.1034538178
-5207,21,0.1033180403
-5206,21,0.1031888306
-5205,21,0.1030762477
-5204,21,0.1029798032
-5203,21,0.1028991328
-5202,21,0.1028329127
-5201,21,0.1027799812
-5200,21,0.1027382989
-5199,21,0.1027087536
-5198,21,0.1026922982
-5197,21,0.1026892817
-5196,21,0.1027002607
-5195,21,0.1027387386
-5194,21,0.1028026288
-5193,21,0.102888653
-5192,21,0.1029924256
-5191,21,0.1031080595
-5190,21,0.1032302198
-5189,21,0.1033515054
-5188,21,0.1034644543
-5187,21,0.1035629729
-5186,21,0.1036419426
-5185,21,0.103702667
-5184,21,0.1037438032
-5183,21,0.1037658577
-5182,21,0.1037699791
-5181,21,0.1037597488
-5180,21,0.1037446369
-5179,21,0.1037259609
-5178,21,0.1037055726
-5177,21,0.1036852187
-5176,21,0.1036668464
-5175,21,0.1036499849
-5174,21,0.1036353586
-5173,21,0.1036238954
-5172,21,0.1036167068
-5171,21,0.1036144581
-5170,21,0.1036132754
-5169,21,0.103613517
-5168,21,0.1036155319
-5167,21,0.1036196564
-5166,21,0.1036260153
-5165,21,0.1036388115
-5164,21,0.1036574973
-5163,21,0.1036820883
-5162,21,0.1037121786
-5161,21,0.1037475498
-5160,21,0.1037783301
-5159,21,0.1038048227
-5158,21,0.10382695
-5157,21,0.1038450418
-5156,21,0.103859248
-5155,21,0.1038616067
-5154,21,0.1038536031
-5153,21,0.1038366796
-5152,21,0.1038127703
-5151,21,0.1037837384
-5150,21,0.1037555886
-5149,21,0.1037285742
-5148,21,0.1037027178
-5147,21,0.1036784519
-5146,21,0.1036557825
-5145,21,0.1036374657
-5144,21,0.1036235958
-5143,21,0.1036142441
-5142,21,0.1036094583
-5141,21,0.1036094583
-5140,21,0.1036126608
-5139,21,0.1036191809
-5138,21,0.1036291149
-5137,21,0.1036425415
-5136,21,0.1036595212
-5135,21,0.1036750016
-5134,21,0.1036887915
-5133,21,0.1037007073
-5132,21,0.1037105734
-5131,21,0.1037182233
-5130,21,0.1037248478
-5129,21,0.1037304425
-5128,21,0.1037350036
-5127,21,0.1037385276
-5126,21,0.1037410111
-5125,21,0.1037441053
-5124,21,0.1037478508
-5123,21,0.1037522888
-5122,21,0.1037574612
-5121,21,0.1037634107
-5120,21,0.1037691433
-5119,21,0.1037746873
-5118,21,0.1037800734
-5117,21,0.103785334
-5116,21,0.1037908893
-5115,21,0.1037897224
-5114,21,0.103782359
-5113,21,0.1037687617
-5112,21,0.103749314
-5111,21,0.1037242177
-5110,21,0.1037023132
-5109,21,0.103683645
-5108,21,0.1036678473
-5107,21,0.103654745
-5106,21,0.1036441555
-5105,21,0.1036394537
-5104,21,0.1036404366
-5103,21,0.103646873
-5102,21,0.103658506
-5101,21,0.1036752562
-5100,21,0.1036936984
-5099,21,0.1037132986
-5098,21,0.1037335042
-5097,21,0.103753748
-5096,21,0.1037732609
-5095,21,0.103788896
-5094,21,0.1038002463
-5093,21,0.1038073212
-5092,21,0.1038099339
-5091,21,0.1038079183
-5090,21,0.1038039713
-5089,21,0.1037976181
-5088,21,0.1037882103
-5087,21,0.1037754867
-5086,21,0.1037589889
-5085,21,0.1037397438
-5084,21,0.103717594
-5083,21,0.1036923968
-5082,21,0.1036640246
-5081,21,0.103632187
-5080,21,0.1035879898
-5079,21,0.1035309866
-5078,21,0.103460633
-5077,21,0.1033764671
-5076,21,0.1032780752
-5075,21,0.1031709052
-5074,21,0.1030548365
-5073,21,0.1029297509
-5072,21,0.1027955299
-5071,21,0.1026520517
-5070,21,0.1025054213
-5069,21,0.1023556382
-5068,21,0.1022026905
-5067,21,0.102046962
-5066,21,0.1018880442
-5065,21,0.1017276417
-5064,21,0.1015657847
-5063,21,0.1014027003
-5062,21,0.1012382141
-5061,21,0.101072351
-5060,21,0.1008993899
-5059,21,0.1007192704
-5058,21,0.1005323396
-5057,21,0.1003387526
-5056,21,0.1001386694
-5055,21,0.0999293194
-5054,21,0.0997107469
-5053,21,0.0994833984
-5052,21,0.0992475363
-5051,21,0.099003235
-5050,21,0.0987516793
-5049,21,0.0984933046
-5048,21,0.0982285636
-5047,21,0.0979579231
-5046,21,0.0976820506
-5045,21,0.0974039907
-5044,21,0.0971243731
-5043,21,0.0968434261
-5042,21,0.0965615882
-5041,21,0.0962792905
-5040,21,0.0959989241
-5039,21,0.0957209638
-5038,21,0.0954460583
-5037,21,0.0951744685
-5036,21,0.0949066529
-5035,21,0.0946384077
-5034,21,0.0943702123
-5033,21,0.0941023165
-5032,21,0.093834945
-5031,21,0.0935684751
-5030,21,0.0932997545
-5029,21,0.0930287996
-5028,21,0.092755523
-5027,21,0.092479504
-5026,21,0.0922004623
-5025,21,0.0918982971
-5024,21,0.0915709673
-5023,21,0.0912162283
-5022,21,0.0908323386
-5021,21,0.0904172898
-5020,21,0.0899846013
-5019,21,0.0895338916
-5018,21,0.0890648438
-5017,21,0.0885768017
-5016,21,0.0880699622
-5015,21,0.0875445753
-5014,21,0.0870005624
-5013,21,0.0864378932
-5012,21,0.0858565874
-5011,21,0.0852567146
-5010,21,0.084651256
-5009,21,0.0840402728
-5008,21,0.0834236329
-5007,21,0.0828016127
-5006,21,0.0821742911
-5005,21,0.0815487897
-5004,21,0.0809255674
-5003,21,0.0803043048
-5002,21,0.0796852912
-5001,21,0.0790686174
-5000,21,0.0784572166
-4999,21,0.077851197
-4998,21,0.0772506682
-4997,21,0.0766557406
-4996,21,0.0760667258
-4995,21,0.0754833722
-4994,21,0.0749056997
-4993,21,0.0743337288
-4992,21,0.0737674807
-4991,21,0.0732071773
-4990,21,0.0726404874
-4989,21,0.07206763
-4988,21,0.0714884274
-4987,21,0.0709031035
-4986,21,0.0703116804
-4985,21,0.0697128761
-4984,21,0.0691065929
-4983,21,0.0684929518
-4982,21,0.0678718975
-4981,21,0.0672437872
-4980,21,0.0666273484
-4979,21,0.0660230203
-4978,21,0.0654314435
-4977,21,0.0648535097
-4976,21,0.0642899223
-4975,21,0.0637393096
-4974,21,0.0632041311
-4973,21,0.0626870548
-4972,21,0.0621902817
-4971,21,0.061716317
-4970,21,0.0612348152
-4969,21,0.0607486245
-4968,21,0.0602613109
-4967,21,0.0597764195
-4966,21,0.0592974334
-4965,21,0.0588283131
-4964,21,0.0583704202
-4963,21,0.0579251116
-4962,21,0.057493735
-4961,21,0.0570776244
-4960,21,0.0566667902
-4959,21,0.0562645388
-4958,21,0.055874193
-4957,21,0.0554988876
-4956,21,0.0551420514
-4955,21,0.0547931321
-4954,21,0.054451754
-4953,21,0.0541183355
-4952,21,0.0537928895
-4951,21,0.0534756299
-4950,21,0.0531537921
-4949,21,0.0528277224
-4948,21,0.0524977692
-4947,21,0.0521642824
-4946,21,0.0518270187
-4945,21,0.0514826767
-4944,21,0.0511316194
-4943,21,0.0507742138
-4942,21,0.0504110334
-4941,21,0.050042061
-4940,21,0.0496802877
-4939,21,0.0493260707
-4938,21,0.0489799499
-4937,21,0.0486420629
-4936,21,0.0483127485
-4935,21,0.0480001595
-4934,21,0.0477050378
-4933,21,0.0474284851
-4932,21,0.0471717777
-4931,21,0.046935775
-4930,21,0.0467058946
-4929,21,0.0464823588
-4928,21,0.0462653894
-4927,21,0.0460552077
-4926,21,0.0458520339
-4925,21,0.0456904139
-4924,21,0.045572109
-4923,21,0.0454991178
-4922,21,0.0454732362
-4921,21,0.0454960923
-4920,21,0.0455672408
-4919,21,0.0456848728
-4918,21,0.0458461928
-4917,21,0.0460487498
-4916,21,0.0462898443
-4915,21,0.0465259168
-4914,21,0.0467560162
-4913,21,0.0469791628
-4912,21,0.0471943509
-4911,21,0.0474007692
-4910,21,0.047629976
-4909,21,0.0478793819
-4908,21,0.0481463353
-4907,21,0.0484279408
-4906,21,0.0487211821
-4905,21,0.0490143553
-4904,21,0.0493076585
-4903,21,0.0496008939
-4902,21,0.0498938657
-4901,21,0.0501863795
-4900,21,0.0504831351
-4899,21,0.0507837823
-4898,21,0.0510879689
-4897,21,0.0513953412
-4896,21,0.0517059382
-4895,21,0.0519896502
-4894,21,0.0522471135
-4893,21,0.0524792821
-4892,21,0.0526865569
-4891,21,0.0528699996
-4890,21,0.0530027936
-4889,21,0.0530910503
-4888,21,0.0531412448
-4887,21,0.0531610328
-4886,21,0.0531575842
-4885,21,0.0531573869
-4884,21,0.0531607378
-4883,21,0.0531679229
-4882,21,0.0531792108
-4881,21,0.053194853
-4880,21,0.0532284171
-4879,21,0.0532821679
-4878,21,0.0533580248
-4877,21,0.0534580151
-4876,21,0.0535840198
-4875,21,0.0537272474
-4874,21,0.0538884567
-4873,21,0.0540682984
-4872,21,0.0542670409
-4871,21,0.0544844197
-4870,21,0.0547370031
-4869,21,0.0550257974
-4868,21,0.055351849
-4867,21,0.0557153077
-4866,21,0.0561158694
-4865,21,0.0565780489
-4864,21,0.0571017057
-4863,21,0.0576857106
-4862,21,0.0583290646
-4861,21,0.0590302615
-4860,21,0.059736861
-4859,21,0.0604479829
-4858,21,0.0611629357
-4857,21,0.0618809997
-4856,21,0.062601426
-4855,21,0.0633475447
-4854,21,0.0641179053
-4853,21,0.0649111506
-4852,21,0.0657256797
-4851,21,0.0665598731
-4850,21,0.0674033001
-4849,21,0.0682558314
-4848,21,0.0691173524
-4847,21,0.0699875592
-4846,21,0.0708659514
-4845,21,0.0717657466
-4844,21,0.0726856427
-4843,21,0.073623825
-4842,21,0.0745792418
-4841,21,0.0755503531
-4840,21,0.076534235
-4839,21,0.0775204044
-4838,21,0.0784987671
-4837,21,0.0794574216
-4836,21,0.0803856534
-4835,21,0.0813391869
-4834,21,0.0823155431
-4833,21,0.0833117972
-4832,21,0.0843249841
-4831,21,0.0853519424
-4830,21,0.0863760889
-4829,21,0.0873945179
-4828,21,0.0884044475
-4827,21,0.0894029744
-4826,21,0.0903873321
-4825,21,0.0913524063
-4824,21,0.0922937154
-4823,21,0.0932068629
-4822,21,0.0940880734
-4821,21,0.0949343205
-4820,21,0.0957493293
-4819,21,0.0965296381
-4818,21,0.0972717112
-4817,21,0.0979729958
-4816,21,0.0986319467
-4815,21,0.0992586208
-4814,21,0.0998521701
-4813,21,0.1004128745
-4812,21,0.1009409815
-4811,21,0.1014369032
-4810,21,0.1019162302
-4809,21,0.102378917
-4808,21,0.1028249416
-4807,21,0.1032542973
-4806,21,0.1036667982
-4805,21,0.1040537304
-4804,21,0.1044168267
-4803,21,0.1047569122
-4802,21,0.1050754286
-4801,21,0.1053738246
-4800,21,0.1056632096
-4799,21,0.1059436414
-4798,21,0.1062151617
-4797,21,0.1064780001
-4796,21,0.1067325816
-4795,21,0.1070014623
-4794,21,0.1072843651
-4793,21,0.1075811568
-4792,21,0.1078912524
-4791,21,0.1082142623
-4790,21,0.1085748432
-4789,21,0.108976683
-4788,21,0.1094229323
-4787,21,0.1099173702
-4786,21,0.1104630768
-4785,21,0.110975993
-4784,21,0.1114574285
-4783,21,0.1119087767
-4782,21,0.1123314904
-4781,21,0.1127272414
-4780,21,0.1131028936
-4779,21,0.1134583036
-4778,21,0.1137935604
-4777,21,0.1141087853
-4776,21,0.1144041378
-4775,21,0.1146785541
-4774,21,0.1149336927
-4773,21,0.1151709893
-4772,21,0.1153918095
-4771,21,0.1155974358
-4770,21,0.1157854039
-4769,21,0.115957282
-4768,21,0.11611486
-4767,21,0.1162594354
-4766,21,0.1163919797
-4765,21,0.116513647
-4764,21,0.116625094
-4763,21,0.1167268219
-4762,21,0.1168192189
-4761,21,0.1169027842
-4760,21,0.1169773158
-4759,21,0.1170426019
-4758,21,0.1170984626
-4757,21,0.1171447644
-4756,21,0.1171814315
-4755,21,0.1172232441
-4754,21,0.1172683128
-4753,21,0.1173154353
-4752,21,0.117362781
-4751,21,0.1174083527
-4750,21,0.117453264
-4749,21,0.1174937516
-4748,21,0.1175262577
-4747,21,0.1175476406
-4746,21,0.1175557528
-4745,21,0.1175489847
-4744,21,0.1175267477
-4743,21,0.1174887426
-4742,21,0.1174349735
-4741,21,0.1173657484
-4740,21,0.1172849298
-4739,21,0.1171926921
-4738,21,0.1170893617
-4737,21,0.1169756384
-4736,21,0.1168519111
-4735,21,0.1167168072
-4734,21,0.1165717434
-4733,21,0.1164177387
-4732,21,0.1162557512
-4731,21,0.1160869558
-4730,21,0.1159173485
-4729,21,0.1157473923
-4728,21,0.1155779178
-4727,21,0.1154095166
-4726,21,0.1152427413
-4725,21,0.1150752774
-4724,21,0.1149071295
-4723,21,0.1147383018
-4722,21,0.1145687989
-4721,21,0.1143986254
-4720,21,0.1142230663
-4719,21,0.1140424919
-4718,21,0.1138572876
-4717,21,0.1136678505
-4716,21,0.1134743992
-4715,21,0.1132716119
-4714,21,0.1130586367
-4713,21,0.1128333436
-4712,21,0.1125945333
-4711,21,0.1123402004
-4710,21,0.1120772942
-4709,21,0.1118058004
-4708,21,0.111525463
-4707,21,0.1112367268
-4706,21,0.1109396136
-4705,21,0.11062902
-4704,21,0.1103065508
-4703,21,0.1099741679
-4702,21,0.1096336761
-4701,21,0.1092872632
-4700,21,0.1089422432
-4699,21,0.1086024506
-4698,21,0.1082715154
-4697,21,0.1079526528
-4696,21,0.1076480851
-4695,21,0.1073497677
-4694,21,0.1070588554
-4693,21,0.1067762651
-4692,21,0.1065026504
-4691,21,0.1062383901
-4690,21,0.1059859718
-4689,21,0.1057457293
-4688,21,0.1055172441
-4687,21,0.1052999219
-4686,21,0.1050934774
-4685,21,0.1049013662
-4684,21,0.1047223403
-4683,21,0.1045555476
-4682,21,0.104400194
-4681,21,0.1042550819
-4680,21,0.1041057462
-4679,21,0.1039520677
-4678,21,0.1037935649
-4677,21,0.103630215
-4676,21,0.1034624417
-4675,21,0.1032916152
-4674,21,0.1031177217
-4673,21,0.1029407501
-4672,21,0.1027606924
-4671,21,0.1025775438
-4670,21,0.1024003582
-4669,21,0.1022290644
-4668,21,0.1020635906
-4667,21,0.1019038654
-4666,21,0.101749815
-4665,21,0.1016110391
-4664,21,0.1014881979
-4663,21,0.1013835832
-4662,21,0.1012981264
-4661,21,0.101233549
-4660,21,0.1011859399
-4659,21,0.1011556217
-4658,21,0.1011431349
-4657,21,0.1011480955
-4656,21,0.1011709359
-4655,21,0.1012006785
-4654,21,0.1012372994
-4653,21,0.1012805426
-4652,21,0.1013305626
-4651,21,0.1013871139
-4650,21,0.1014371762
-4649,21,0.1014804725
-4648,21,0.1015169405
-4647,21,0.1015469956
-4646,21,0.1015702439
-4645,21,0.1015870956
-4644,21,0.1015975868
-4643,21,0.1016014146
-4642,21,0.1015983474
-4641,21,0.1015888903
-4640,21,0.1015713508
-4639,21,0.1015455399
-4638,21,0.101511725
-4637,21,0.1014706022
-4636,21,0.1014223525
-4635,21,0.101366961
-4634,21,0.1013044229
-4633,21,0.1012347482
-4632,21,0.1011579622
-4631,21,0.1010742889
-4630,21,0.1009940836
-4629,21,0.1009177172
-4628,21,0.1008455535
-4627,21,0.1007777267
-4626,21,0.1007139444
-4625,21,0.1006506128
-4624,21,0.100587844
-4623,21,0.1005257524
-4622,21,0.1004644554
-4621,21,0.1004040726
-4620,21,0.1003392562
-4619,21,0.1002700137
-4618,21,0.1001963591
-4617,21,0.1001183127
-4616,21,0.1000358933
-4615,21,0.0999446751
-4614,21,0.0998449346
-4613,21,0.0997365979
-4612,21,0.0996200235
-4611,21,0.0994955885
-4610,21,0.0993645235
-4609,21,0.0992270475
-4608,21,0.0990834026
-4607,21,0.098934049
-4606,21,0.0987792336
-4605,21,0.0986207155
-4604,21,0.0984585989
-4603,21,0.0982929931
-4602,21,0.0981240121
-4601,21,0.0979519688
-4600,21,0.0977859841
-4599,21,0.0976263796
-4598,21,0.0974732614
-4597,21,0.0973262572
-4596,21,0.0971858031
-4595,21,0.0970547119
-4594,21,0.0969329892
-4593,21,0.0968209749
-4592,21,0.096718933
-4591,21,0.0966263837
-4590,21,0.0965426514
-4589,21,0.0964675726
-4588,21,0.0964011265
-4587,21,0.0963426647
-4586,21,0.0962920542
-4585,21,0.0962457674
-4584,21,0.0962037898
-4583,21,0.0961660962
-4582,21,0.0961326511
-4581,21,0.0961034083
-4580,21,0.0960785583
-4579,21,0.0960583886
-4578,21,0.0960429931
-4577,21,0.0960328929
-4576,21,0.0960283939
-4575,21,0.0960368346
-4574,21,0.0960620476
-4573,21,0.0961081707
-4572,21,0.0961796361
-4571,21,0.0962811401
-4570,21,0.0964136901
-4569,21,0.0965818015
-4568,21,0.09678981
-4567,21,0.0970423779
-4566,21,0.0973438704
-4565,21,0.0976708473
-4564,21,0.0980240066
-4563,21,0.0984039795
-4562,21,0.0988113217
-4561,21,0.0992465042
-4560,21,0.0997013676
-4559,21,0.1001757389
-4558,21,0.1006693843
-4557,21,0.1011820086
-4556,21,0.1017132552
-4555,21,0.1022568128
-4554,21,0.1028127399
-4553,21,0.1033810874
-4552,21,0.1039618982
-4551,21,0.104555207
-4550,21,0.1051598082
-4549,21,0.1057756089
-4548,21,0.1064025063
-4547,21,0.1070403875
-4546,21,0.1076891296
-4545,21,0.1083539831
-4544,21,0.1090347239
-4543,21,0.1097311013
-4542,21,0.1104428385
-4541,21,0.1111696323
-4540,21,0.1118984765
-4539,21,0.1126291042
-4538,21,0.1133616495
-4537,21,0.1140960446
-4536,21,0.114832221
-4535,21,0.1155613968
-4534,21,0.1162836482
-4533,21,0.1169986547
-4532,21,0.1177062964
-4531,21,0.1184064561
-4530,21,0.1191235615
-4529,21,0.1198565044
-4528,21,0.1206045129
-4527,21,0.1213665218
-4526,21,0.1221414189
-4525,21,0.122938352
-4524,21,0.1237496624
-4523,21,0.1245669278
-4522,21,0.125380826
-4521,21,0.1261818525
-4520,21,0.1269602262
-4519,21,0.1277082792
-4518,21,0.1284177992
-4517,21,0.1290806005
-4516,21,0.1296887769
-4515,21,0.1302643992
-4514,21,0.1308038051
-4513,21,0.131303449
-4512,21,0.1317597411
-4511,21,0.1321696557
-4510,21,0.1325516193
-4509,21,0.1329053143
-4508,21,0.133230487
-4507,21,0.1335269484
-4506,21,0.1337945737
-4505,21,0.1340601752
-4504,21,0.1343232632
-4503,21,0.1345833473
-4502,21,0.134839937
-4501,21,0.1350925421
-4500,21,0.1353363648
-4499,77,0.1355714277
-4498,77,0.135797764
-4497,77,0.1360154169
-4496,77,0.1362244402
-4495,77,0.1364208983
-4494,77,0.1366049405
-4493,77,0.1367767427
-4492,77,0.1369365071
-4491,77,0.1370844626
-4490,77,0.1371987583
-4489,77,0.1372747464
-4488,77,0.1373077066
-4487,77,0.1372932758
-4486,77,0.1372278821
-4485,77,0.1370528416
-4484,77,0.1367564146
-4483,77,0.1363310802
-4482,77,0.1357719042
-4481,77,0.1350770252
-4480,77,0.134262967
-4479,77,0.1333310695
-4478,77,0.1322830198
-4477,77,0.1311211384
-4476,77,0.1298490898
-4475,77,0.1284406447
-4474,77,0.1269055555
-4473,77,0.1252547785
-4472,77,0.1235002802
-4471,77,0.1216538236
-4470,77,0.1197597209
-4469,77,0.1178233918
-4468,77,0.1158509869
-4467,77,0.1138481474
-4466,77,0.1118210634
-4465,77,0.109792101
-4464,77,0.107764666
-4463,77,0.1057416974
-4462,77,0.1037264478
-4461,77,0.1017216861
-4460,77,0.0997227452
-4459,77,0.0977300035
-4458,77,0.0957438335
-4457,77,0.0937646018
-4456,77,0.091792669
-4455,77,0.0898156714
-4454,77,0.0878340237
-4453,77,0.0858481469
-4452,77,0.083858468
-4451,77,0.0818654199
-4450,77,0.0798929616
-4449,77,0.0779424663
-4448,77,0.0760156991
-4447,77,0.0741144725
-4446,77,0.0722401544
-4445,77,0.0703983647
-4444,77,0.0685914247
-4443,77,0.0668221132
-4442,77,0.0650923824
-4441,77,0.0634045516
-4440,77,0.0617640402
-4439,77,0.0601759986
-4438,77,0.0586452456
-4437,77,0.0571764416
-4436,77,0.0557734525
-4435,77,0.0544824512
-4434,77,0.0533150719
-4433,77,0.0522791265
-4432,77,0.051379639
-4431,77,0.0506185576
-4430,77,0.0499243503
-4429,77,0.04929753
-4428,77,0.0487381216
-4427,77,0.0482453814
-4426,77,0.0478174802
-4425,77,0.0474731799
-4424,77,0.0472069446
-4423,77,0.0470126798
-4422,77,0.0468836729
-4421,77,0.0468133338
-4420,77,0.046775993
-4419,77,0.046769449
-4418,77,0.0467914943
-4417,77,0.0468400773
-4416,77,0.0469128124
-4415,77,0.0470009832
-4414,77,0.0471041687
-4413,77,0.0472223629
-4412,77,0.0473553637
-4411,77,0.0475029713
-4410,77,0.0476595633
-4409,77,0.0478251982
-4408,77,0.0479999346
-4407,77,0.0481838309
-4406,77,0.0483769455
-4405,77,0.0485749288
-4404,77,0.0487778999
-4403,77,0.048985979
-4402,77,0.049199287
-4401,77,0.0494179455
-4400,77,0.0495698883
-4399,77,0.0496563785
-4398,77,0.0496787208
-4397,77,0.0496378789
-4396,77,0.0495352262
-4395,77,0.0493706904
-4394,77,0.0491440561
-4393,77,0.0488547551
-4392,77,0.0485029974
-4391,77,0.0480885754
-4390,77,0.0476363669
-4389,77,0.0471490725
-4388,77,0.0466291107
-4387,77,0.0460788151
-4386,77,0.0455004314
-4385,77,0.0449188374
-4384,77,0.0443369249
-4383,77,0.0437571075
-4382,77,0.0431818433
-4381,77,0.0426134729
-4380,77,0.0420842671
-4379,77,0.0415956945
-4378,77,0.0411486237
-4377,77,0.0407442016
-4376,77,0.0403831645
-4375,77,0.0400579061
-4374,77,0.0397697344
-4373,77,0.0395194553
-4372,77,0.0393083142
-4371,77,0.0391368568
-4370,77,0.0389985097
-4369,77,0.0388942101
-4368,77,0.0388247988
-4367,77,0.0387914769
-4366,77,0.0387944603
-4365,77,0.0388251216
-4364,77,0.0388838558
-4363,77,0.0389710126
-4362,77,0.0390869568
-4361,77,0.0392317901
-4360,77,0.0394095238
-4359,77,0.0396208932
-4358,77,0.0398674548
-4357,77,0.0401498359
-4356,77,0.0404705696
-4355,77,0.0408305861
-4354,77,0.0412311797
-4353,77,0.0416724075
-4352,77,0.0421534673
-4351,77,0.0426713325
-4350,77,0.0432623012
-4349,77,0.0439203994
-4348,77,0.0446385752
-4347,77,0.04540952
-4346,77,0.0462255373
-4345,77,0.0470782717
-4344,77,0.0479621994
-4343,77,0.0488719036
-4342,77,0.0498016729
-4341,77,0.0507455869
-4340,77,0.0517058999
-4339,77,0.0526787835
-4338,77,0.0536607222
-4337,77,0.0546483208
-4336,77,0.0556383115
-4335,77,0.0566348163
-4334,77,0.0576349071
-4333,77,0.0586361338
-4332,77,0.0596360024
-4331,77,0.0606321361
-4330,77,0.061627374
-4329,77,0.0626186244
-4328,77,0.0636033832
-4327,77,0.0645788605
-4326,77,0.0655426744
-4325,77,0.0664970461
-4324,77,0.0674391041
-4323,77,0.0683664564
-4322,77,0.069276047
-4321,77,0.0701656907
-4320,77,0.0710308876
-4319,77,0.071868647
-4318,77,0.0726762325
-4317,77,0.0734501165
-4316,77,0.0741879556
-4315,77,0.0748839266
-4314,77,0.0755351506
-4313,77,0.076138913
-4312,77,0.0766926362
-4311,77,0.0771941891
-4310,77,0.0776377044
-4309,77,0.0780214023
-4308,77,0.0783428461
-4307,77,0.078600689
-4306,77,0.0787916375
-4305,77,0.078927054
-4304,77,0.0790051358
-4303,77,0.0790257332
-4302,77,0.0789893487
-4301,77,0.0788987181
-4300,77,0.0787952949
-4299,77,0.0786823531
-4298,77,0.0785635571
-4297,77,0.078442827
-4296,77,0.0783245952
-4295,77,0.0782284329
-4294,77,0.0781546724
-4293,77,0.0781027005
-4292,77,0.0780715973
-4291,77,0.078060176
-4290,77,0.0780655655
-4289,77,0.0780821715
-4288,77,0.0781045592
-4287,77,0.0781268778
-4286,77,0.0781439173
-4285,77,0.0781492613
-4284,77,0.0781391414
-4283,77,0.0781101504
-4282,77,0.0780593373
-4281,77,0.0779842882
-4280,77,0.0778968889
-4279,77,0.0777974642
-4278,77,0.0776863584
-4277,77,0.0775639344
-4276,77,0.0774305721
-4275,77,0.0772914319
-4274,77,0.077147583
-4273,77,0.0769999249
-4272,77,0.0768497886
-4271,77,0.0766983283
-4270,77,0.0765265536
-4269,77,0.0763367754
-4268,77,0.0761312721
-4267,77,0.0759128656
-4266,77,0.0756842794
-4265,77,0.0754370938
-4264,77,0.0751758363
-4263,77,0.0749053575
-4262,77,0.07463069
-4261,77,0.0743569083
-4260,77,0.074082692
-4259,77,0.0738166963
-4258,77,0.0735666315
-4257,77,0.0733393305
-4256,77,0.0731398049
-4255,77,0.0729573148
-4254,77,0.0727943106
-4253,77,0.0726507441
-4252,77,0.072525426
-4251,77,0.0724155202
-4250,77,0.0722910836
-4249,77,0.0721500452
-4248,77,0.0719908108
-4247,77,0.0718123027
-4246,77,0.0716132385
-4245,77,0.071380474
-4244,77,0.0711168556
-4243,77,0.070825967
-4242,77,0.0705120468
-4241,77,0.0701798676
-4240,77,0.0698376812
-4239,77,0.0694917771
-4238,77,0.0691482514
-4237,77,0.0688135775
-4236,77,0.0684935464
-4235,77,0.0681908057
-4234,77,0.067908304
-4233,77,0.067648563
-4232,77,0.0674135918
-4231,77,0.0672048179
-4230,77,0.0670031666
-4229,77,0.0668072836
-4228,77,0.0666162662
-4227,77,0.0664293328
-4226,77,0.0662458497
-4225,77,0.0660571924
-4224,77,0.0658629421
-4223,77,0.0656630445
-4222,77,0.0654572346
-4221,77,0.0652455909
-4220,77,0.065047977
-4219,77,0.0648645368
-4218,77,0.0646953949
-4217,77,0.0645406642
-4216,77,0.06440066
-4215,77,0.0642875541
-4214,77,0.0641994375
-4213,77,0.0641339743
-4212,77,0.0640885086
-4211,77,0.0640601731
-4210,77,0.0640506773
-4209,77,0.0640523782
-4208,77,0.0640584128
-4207,77,0.0640626338
-4206,77,0.0640607554
-4205,77,0.0640489792
-4204,77,0.0640259293
-4203,77,0.0639920564
-4202,77,0.0639495021
-4201,77,0.0639017699
-4200,77,0.0638562454
-4199,77,0.0638152338
-4198,77,0.0637806838
-4197,77,0.0637541978
-4196,77,0.0637373797
-4195,77,0.0637269926
-4194,77,0.0637231962
-4193,77,0.0637257984
-4192,77,0.0637344866
-4191,77,0.0637488435
-4190,77,0.0637615703
-4189,77,0.0637724459
-4188,77,0.0637812559
-4187,77,0.0637875966
-4186,77,0.0637914788
-4185,77,0.0637903387
-4184,77,0.0637848372
-4183,77,0.0637757055
-4182,77,0.0637637363
-4181,77,0.0637497723
-4180,77,0.063736307
-4179,77,0.0637247748
-4178,77,0.0637159014
-4177,77,0.0637102712
-4176,77,0.0637083019
-4175,77,0.0637105057
-4174,77,0.0637169343
-4173,77,0.0637272646
-4172,77,0.0637413786
-4171,77,0.0637588144
-4170,77,0.0637789007
-4169,77,0.0638011526
-4168,77,0.0638249792
-4167,77,0.063849689
-4166,77,0.0638742879
-4165,77,0.0639011927
-4164,77,0.0639301702
-4163,77,0.0639609717
-4162,77,0.0639933342
-4161,77,0.0640269801
-4160,77,0.0640701585
-4159,77,0.064121181
-4158,77,0.0641781303
-4157,77,0.0642389145
-4156,77,0.0643013374
-4155,77,0.0643648597
-4154,77,0.0644266339
-4153,77,0.064483253
-4152,77,0.0645314024
-4151,77,0.0645682666
-4150,77,0.0646002229
-4149,77,0.0646270942
-4148,77,0.0646488395
-4147,77,0.0646655442
-4146,77,0.0646774086
-4145,77,0.0646876462
-4144,77,0.0646962697
-4143,77,0.0647036093
-4142,77,0.0647100808
-4141,77,0.0647161696
-4140,77,0.0647226403
-4139,77,0.0647295387
-4138,77,0.0647369102
-4137,77,0.0647449978
-4136,77,0.0647532471
-4135,77,0.0647633966
-4134,77,0.064775616
-4133,77,0.0647900682
-4132,77,0.0648069093
-4131,77,0.0648262883
-4130,77,0.0648458027
-4129,77,0.0648654661
-4128,77,0.0648855318
-4127,77,0.0649062551
-4126,77,0.0649278927
-4125,77,0.0649499807
-4124,77,0.0649719387
-4123,77,0.0649935707
-4122,77,0.0650146964
-4121,77,0.0650351526
-4120,77,0.0650549609
-4119,77,0.065074137
-4118,77,0.065092707
-4117,77,0.0651107082
-4116,77,0.0651281884
-4115,77,0.0651407876
-4114,77,0.0651483277
-4113,77,0.0651506697
-4112,77,0.0651477168
-4111,77,0.0651396289
-4110,77,0.0651251611
-4109,77,0.0651059211
-4108,77,0.0650835174
-4107,77,0.065059721
-4106,77,0.0650363981
-4105,77,0.0650150509
-4104,77,0.0649976804
-4103,77,0.064987058
-4102,77,0.0649854754
-4101,77,0.0649949594
-4100,77,0.0650060645
-4099,77,0.0650183233
-4098,77,0.0650312634
-4097,77,0.0650442147
-4096,77,0.0650569145
-4095,77,0.0650650267
-4094,77,0.0650683901
-4093,77,0.0650668902
-4092,77,0.0650604574
-4091,77,0.0650490649
-4090,77,0.0650356729
-4089,77,0.0650207847
-4088,77,0.065004698
-4087,77,0.0649877089
-4086,77,0.0649705019
-4085,77,0.0649515537
-4084,77,0.0649307507
-4083,77,0.0649079795
-4082,77,0.064883127
-4081,77,0.064856081
-4080,77,0.0648252754
-4079,77,0.0647897165
-4078,77,0.0647484693
-4077,77,0.0647006766
-4076,77,0.0646455745
-4075,77,0.0645773208
-4074,77,0.0644960606
-4073,77,0.0644018238
-4072,77,0.0642944664
-4071,77,0.064174012
-4070,77,0.0640334058
-4069,77,0.0638716028
-4068,77,0.0636867016
-4067,77,0.0634766334
-4066,77,0.0632379631
-4065,77,0.0629738516
-4064,77,0.0626816513
-4063,77,0.0623587277
-4062,77,0.0620032874
-4061,77,0.0616132415
-4060,77,0.0612031739
-4059,77,0.0607730147
-4058,77,0.0603229909
-4057,77,0.0598534127
-4056,77,0.0593644983
-4055,77,0.0588779138
-4054,77,0.0583937646
-4053,77,0.0579124017
-4052,77,0.0574338202
-4051,77,0.0569582462
-4050,77,0.0564962058
-4049,77,0.0560480121
-4048,77,0.0556139401
-4047,77,0.055194425
-4046,77,0.054789463
-4045,77,0.0544069666
-4044,77,0.0540466293
-4043,77,0.0537080828
-4042,77,0.0533908731
-4041,77,0.0530944714
-4040,77,0.0528097395
-4039,77,0.0525362531
-4038,77,0.0522737796
-4037,77,0.0520220751
-4036,77,0.0517808865
-4035,77,0.0515416141
-4034,77,0.0513043749
-4033,77,0.0510692874
-4032,77,0.0508362734
-4031,77,0.0506056556
-4030,77,0.0503716181
-4029,77,0.0501347724
-4028,77,0.049895862
-4027,77,0.0496555512
-4026,77,0.0494144108
-4025,77,0.0491689252
-4024,77,0.0489190818
-4023,77,0.0486644309
-4022,77,0.0484051335
-4021,77,0.0481412559
-4020,77,0.0478798909
-4019,77,0.047621757
-4018,77,0.0473685246
-4017,77,0.047122135
-4016,77,0.0468860059
-4015,77,0.0466620251
-4014,77,0.0464532227
-4013,77,0.046262821
-4012,77,0.0460930234
-4011,77,0.0459461406
-4010,77,0.0457994218
-4009,77,0.0456536075
-4008,77,0.0455094564
-4007,77,0.0453677386
-4006,77,0.0452294017
-4005,77,0.0450718862
-4004,77,0.0448963121
-4003,77,0.0447034714
-4002,77,0.0444946239
-4001,77,0.0442709002
-4000,77,0.0440228449
-3999,77,0.0437525936
-3998,77,0.0434627829
-3997,77,0.0431559077
-3996,77,0.0428345041
-3995,77,0.0424946054
-3994,77,0.0421400973
-3993,77,0.0417747894
-3992,77,0.041402204
-3991,77,0.041026064
-3990,77,0.0406589165
-3989,77,0.0403035462
-3988,77,0.0399618762
-3987,77,0.0396348996
-3986,77,0.0393230799
-3985,77,0.0390345539
-3984,77,0.0387678142
-3983,77,0.0385205836
-3982,77,0.038290084
-3981,77,0.0380725386
-3980,77,0.0378718681
-3979,77,0.0376857792
-3978,77,0.037511991
-3977,77,0.037347909
-3976,77,0.0371908971
-3975,77,0.0370480249
-3974,77,0.0369180778
-3973,77,0.0368000871
-3972,77,0.0366927303
-3971,77,0.0365947129
-3970,77,0.036502214
-3969,77,0.0364140573
-3968,77,0.036328958
-3967,77,0.0362457426
-3966,77,0.0361631567
-3965,77,0.0360799018
-3964,77,0.0359954948
-3963,77,0.0359093328
-3962,77,0.0358210637
-3961,77,0.0357303704
-3960,77,0.035641778
-3959,77,0.0355547231
-3958,77,0.0354686065
-3957,77,0.0353827925
-3956,77,0.0352964221
-3955,77,0.0352174445
-3954,77,0.0351449789
-3953,77,0.0350778755
-3952,77,0.0350151121
-3951,77,0.0349556075
-3950,77,0.0349035301
-3949,77,0.0348569297
-3948,77,0.034813398
-3947,77,0.0347707048
-3946,77,0.0347266098
-3945,77,0.0346813695
-3944,77,0.0346316784
-3943,77,0.0345743536
-3942,77,0.03450657
-3941,77,0.0344253619
-3940,77,0.0343196744
-3939,77,0.034187005
-3938,77,0.0340257272
-3937,77,0.0338351565
-3936,77,0.0336151474
-3935,77,0.0333586008
-3934,77,0.0330673029
-3933,77,0.0327436397
-3932,77,0.032391116
-3931,77,0.0320138482
-3930,77,0.0316250853
-3929,77,0.0312275341
-3928,77,0.030823697
-3927,77,0.030416391
-3926,77,0.0300084742
-3925,77,0.0296067132
-3924,77,0.0292131635
-3923,77,0.0288298127
-3922,77,0.0284585546
-3921,77,0.0281011664
-3920,77,0.0277451234
-3919,77,0.0273924868
-3918,77,0.0270452935
-3917,77,0.0267053247
-3916,77,0.0263745176
-3915,77,0.026058261
-3914,77,0.0257569392
-3913,77,0.025470813
-3912,77,0.025200028
-3911,77,0.0249446252
-3910,77,0.0247136858
-3909,77,0.0245078697
-3908,77,0.0243275936
-3907,77,0.0241732469
-3906,77,0.024045374
-3905,77,0.0239449071
-3904,77,0.0238734019
-3903,77,0.0238328643
-3902,77,0.0238244983
-3901,77,0.0238500443
-3900,77,0.0238954581
-3899,77,0.0239613044
-3898,77,0.0240476537
-3897,77,0.0241546515
-3896,77,0.0242823182
-3895,77,0.0244102254
-3894,77,0.0245383807
-3893,77,0.0246667915
-3892,77,0.0247954657
-3891,77,0.0249244109
-3890,77,0.025057807
-3889,77,0.0251956147
-3888,77,0.0253377941
-3887,77,0.0254843044
-3886,77,0.0256351043
-3885,77,0.0258151976
-3884,77,0.026024192
-3883,77,0.0262617576
-3882,77,0.0265270316
-3881,77,0.0268190206
-3880,77,0.0271247223
-3879,77,0.0274435949
-3878,77,0.0277752531
-3877,77,0.0281192706
-3876,77,0.0284751803
-3875,77,0.0288209149
-3874,77,0.0291563207
-3873,77,0.0294812652
-3872,77,0.0297956364
-3871,77,0.0300993417
-3870,77,0.0304124745
-3869,77,0.0307342983
-3868,77,0.0310641077
-3867,77,0.0314010354
-3866,77,0.0317444215
-3865,77,0.0320918056
-3864,77,0.0324430349
-3863,77,0.0327979547
-3862,77,0.0331566099
-3861,77,0.0335186464
-3860,77,0.0338739084
-3859,77,0.0342216408
-3858,77,0.0345612806
-3857,77,0.0348922465
-3856,77,0.0352139484
-3855,77,0.035518253
-3854,77,0.0358033509
-3853,77,0.0360673755
-3852,77,0.0363090628
-3851,77,0.0365266077
-3850,77,0.0367188369
-3849,77,0.0368851637
-3848,77,0.0370255106
-3847,77,0.0371397391
-3846,77,0.0372278485
-3845,77,0.0373106706
-3844,77,0.0373881649
-3843,77,0.0374600929
-3842,77,0.0375262243
-3841,77,0.0375863388
-3840,77,0.0376309289
-3839,77,0.0376599665
-3838,77,0.0376734962
-3837,77,0.0376716266
-3836,77,0.0376545228
-3835,77,0.0376047943
-3834,77,0.0375225537
-3833,77,0.0374080905
-3832,77,0.0372616741
-3831,77,0.037084162
-3830,77,0.0368731907
-3829,77,0.0366303046
-3828,77,0.0363566023
-3827,77,0.036053446
-3826,77,0.035722073
-3825,77,0.0353751435
-3824,77,0.0350143414
-3823,77,0.0346414158
-3822,77,0.0342582018
-3821,77,0.0338657445
-3820,77,0.0334674531
-3819,77,0.0330638653
-3818,77,0.0326554866
-3817,77,0.0322429877
-3816,77,0.0318266125
-3815,77,0.0314027725
-3814,77,0.0309716938
-3813,77,0.0305335947
-3812,77,0.0300884864
-3811,77,0.0296367737
-3810,77,0.0291782253
-3809,77,0.0287129278
-3808,77,0.0282409681
-3807,77,0.0277624331
-3806,77,0.0272774104
-3805,77,0.0267856477
-3804,77,0.0262871852
-3803,77,0.0257820659
-3802,77,0.0252703358
-3801,77,0.0247520441
-3800,77,0.0242358449
-3799,77,0.0237221388
-3798,77,0.0232110645
-3797,77,0.0227027508
-3796,77,0.0221973184
-3795,77,0.0216932839
-3794,77,0.0211907307
-3793,77,0.0206899415
-3792,77,0.0201911917
-3791,77,0.0196947478
-3790,77,0.0192114075
-3789,77,0.0187412778
-3788,77,0.0182843953
-3787,77,0.017840734
-3786,77,0.0174102136
-3785,77,0.0169922933
-3784,77,0.0165871125
-3783,77,0.0161949688
-3782,77,0.0158158612
-3781,77,0.0154495127
-3780,77,0.0151061348
-3779,77,0.0147847295
-3778,77,0.0144845877
-3777,77,0.0142047775
-3776,77,0.0139443398
-3775,77,0.0137065689
-3774,77,0.0134897829
-3773,77,0.0132924061
-3772,77,0.0131127572
-3771,77,0.0129497277
-3770,77,0.0127980922
-3769,77,0.0126574662
-3768,77,0.0125274878
-3767,77,0.0124082694
-3766,77,0.0122997176
-3765,77,0.0121979472
-3764,77,0.0121027904
-3763,77,0.0120140879
-3762,77,0.011931688
-3761,77,0.0118554446
-3760,77,0.0117827602
-3759,77,0.0117135776
-3758,77,0.0116478407
-3757,77,0.0115854938
-3756,77,0.0115264818
-3755,77,0.011469893
-3754,77,0.011415689
-3753,77,0.0113638316
-3752,77,0.0113142823
-3751,77,0.0112670023
-3750,77,0.0112273627
-3749,77,0.0111950954
-3748,77,0.0111701752
-3747,77,0.0111525696
-3746,77,0.011142238
-3745,77,0.0111331438
-3744,77,0.0111252411
-3743,77,0.0111184828
-3742,77,0.0111128207
-3741,77,0.0111082054
-3740,77,0.0111003981
-3739,77,0.0110896396
-3738,77,0.0110771226
-3737,77,0.0110627859
-3736,77,0.0110473729
-3735,77,0.0110312294
-3734,77,0.0110157681
-3733,77,0.0110018449
-3732,77,0.0109909931
-3731,77,0.010984594
-3730,77,0.0109802608
-3729,77,0.0109787665
-3728,77,0.0109808863
-3727,77,0.0109875989
-3726,77,0.0109996828
-3725,77,0.0110152268
-3724,77,0.0110343508
-3723,77,0.0110573728
-3722,77,0.0110844064
-3721,77,0.0111157625
-3720,77,0.0111532091
-3719,77,0.0111974222
-3718,77,0.011249069
-3717,77,0.0113083514
-3716,77,0.0113756821
-3715,77,0.0114424846
-3714,77,0.0115087594
-3713,77,0.011574507
-3712,77,0.0116395285
-3711,77,0.0117040246
-3710,77,0.0117643962
-3709,77,0.0118205512
-3708,77,0.0118725975
-3707,77,0.0119206443
-3706,77,0.0119648022
-3705,77,0.0120061185
-3704,77,0.0120446716
-3703,77,0.0120805404
-3702,77,0.0121138046
-3701,77,0.0121445443
-3700,77,0.0121735389
-3699,77,0.0122006849
-3698,77,0.0122258819
-3697,77,0.0122490324
-3696,77,0.0122700419
-3695,77,0.012293011
-3694,77,0.0123179487
-3693,77,0.0123448638
-3692,77,0.012373765
-3691,77,0.012404661
-3690,77,0.012447243
-3689,77,0.0125014547
-3688,77,0.0125662814
-3687,77,0.0126419543
-3686,77,0.0127276988
-3685,77,0.0128260614
-3684,77,0.0129359494
-3683,77,0.0130565861
-3682,77,0.0131869349
-3681,77,0.0133259002
-3680,77,0.0134816706
-3679,77,0.0136542834
-3678,77,0.013843459
-3677,77,0.0140489236
-3676,77,0.0142703969
-3675,77,0.0145066466
-3674,77,0.0147578784
-3673,77,0.0150235648
-3672,77,0.0153032413
-3671,77,0.0155962924
-3670,77,0.0158987069
-3669,77,0.0162090212
-3668,77,0.0165255784
-3667,77,0.0168465249
-3666,77,0.0171698117
-3665,77,0.0175140809
-3664,77,0.0178696119
-3663,77,0.0182256652
-3662,77,0.018571151
-3661,77,0.0188950194
-3660,77,0.0191932326
-3659,77,0.0194583437
-3658,77,0.0196844114
-3657,77,0.0198679175
-3656,77,0.0200074965
-3655,77,0.0201151598
-3654,77,0.020191763
-3653,77,0.0202387922
-3652,77,0.0202582479
-3651,77,0.020252728
-3650,77,0.0202313857
-3649,77,0.020195274
-3648,77,0.0201454455
-3647,77,0.0200829406
-3646,77,0.0200087776
-3645,77,0.019927274
-3644,77,0.0198389427
-3643,77,0.0197438895
-3642,77,0.0196424132
-3641,77,0.0195348114
-3640,77,0.0194228333
-3639,77,0.0193062954
-3638,77,0.0191850203
-3637,77,0.0190586651
-3636,77,0.0189274574
-3635,77,0.018791329
-3634,77,0.0186500186
-3633,77,0.0185032782
-3632,77,0.0183508739
-3631,77,0.0181925867
-3630,77,0.0180210077
-3629,77,0.0178356004
-3628,77,0.017636144
-3627,77,0.0174222089
-3626,77,0.0171937639
-3625,77,0.0169543234
-3624,77,0.0167039291
-3623,77,0.0164429637
-3622,77,0.0161719494
-3621,77,0.0158915577
-3620,77,0.0155962272
-3619,77,0.0152867796
-3618,77,0.0149642438
-3617,77,0.0146296615
-3616,77,0.0142846885
-3615,77,0.0139254698
-3614,77,0.0135619077
-3613,77,0.0132049213
-3612,77,0.0128659769
-3611,77,0.0125560983
-3610,77,0.0122858281
-3609,77,0.0120628108
-3608,77,0.011892959
-3607,77,0.0117797338
-3606,77,0.0117244147
-3605,77,0.0117191525
-3604,77,0.011763328
-3603,77,0.0118556384
-3602,77,0.0119942093
-3601,77,0.0121763178
-3600,77,0.0123648468
-3599,77,0.0125590091
-3598,77,0.0127576257
-3597,77,0.0129597378
-3596,77,0.0131644186
-3595,77,0.0133794959
-3594,77,0.0136044824
-3593,77,0.0138392965
-3592,77,0.0140836615
-3591,77,0.0143373006
-3590,77,0.0145921411
-3589,77,0.0148480815
-3588,77,0.0151050177
-3587,77,0.0153630146
-3586,77,0.015621765
-3585,77,0.0158901019
-3584,77,0.0161680879
-3583,77,0.0164555319
-3582,77,0.0167521869
-3581,77,0.017057748
-3580,77,0.0173689127
-3579,77,0.0176850511
-3578,77,0.0180054922
-3577,77,0.0183295271
-3576,77,0.0186566328
-3575,77,0.0189832602
-3574,77,0.0193090621
-3573,77,0.0196336839
-3572,77,0.0199567649
-3571,77,0.0202779387
-3570,77,0.0205903155
-3569,77,0.020893656
-3568,77,0.0211877315
-3567,77,0.0214725235
-3566,77,0.0217476246
-3565,77,0.0219922686
-3564,77,0.0222050159
-3563,77,0.0223846052
-3562,77,0.022530161
-3561,77,0.0226413905
-3560,77,0.022723019
-3559,77,0.0227751731
-3558,77,0.0227981277
-3557,77,0.0227922944
-3556,77,0.0227582104
-3555,77,0.0226949685
-3554,77,0.0226026267
-3553,77,0.0224813381
-3552,77,0.0223315525
-3551,77,0.0221536082
-3550,77,0.0219632066
-3549,77,0.0217619255
-3548,77,0.0215517742
-3547,77,0.0213345519
-3546,77,0.0211120091
-3545,77,0.0208717024
-3544,77,0.0206161133
-3543,77,0.0203473407
-3542,77,0.0200675374
-3541,77,0.0197787349
-3540,77,0.0194860795
-3539,77,0.0191898144
-3538,77,0.0188901852
-3537,77,0.0185874469
-3536,77,0.0182820754
-3535,77,0.0179625332
-3534,77,0.0176286549
-3533,77,0.0172803352
-3532,77,0.016918128
-3531,77,0.0165420404
-3530,77,0.016154052
-3529,77,0.0157545284
-3528,77,0.0153438747
-3527,77,0.0149225346
-3526,77,0.0144907669
-3525,77,0.0140576838
-3524,77,0.013625875
-3523,77,0.0131983984
-3522,77,0.0127786522
-3521,77,0.0123703478
-3520,77,0.0119822036
-3519,77,0.0116164692
-3518,77,0.0112750476
-3517,77,0.0109596055
-3516,77,0.0106724813
-3515,77,0.0104232894
-3514,77,0.0102139789
-3513,77,0.0100462924
-3512,77,0.0099215514
-3511,77,0.0098404521
-3510,77,0.0097918961
-3509,77,0.0097758694
-3508,77,0.0097922111
-3507,77,0.0098406239
-3506,77,0.0099206865
-3505,77,0.0100117557
-3504,77,0.0101134635
-3503,77,0.0102253985
-3502,77,0.0103469106
-3501,77,0.0104777115
-3500,77,0.0106100132
-3499,77,0.0107423983
-3498,77,0.0108734947
-3497,77,0.0110020127
-3496,77,0.0111267739
-3495,77,0.0112426163
-3494,77,0.0113483831
-3493,77,0.0114434412
-3492,77,0.0115274227
-3491,77,0.011599881
-3490,77,0.0116693347
-3489,77,0.0117357409
-3488,77,0.0117990519
-3487,77,0.0118592086
-3486,77,0.0119159283
-3485,77,0.0119683638
-3484,77,0.0120166427
-3483,77,0.0120610831
-3482,77,0.0121013975
-3481,77,0.0121378998
-3480,77,0.0121731768
-3479,77,0.0122072177
-3478,77,0.0122400115
-3477,77,0.012271547
-3476,77,0.0123018128
-3475,77,0.0123262395
-3474,77,0.0123423717
-3473,77,0.0123472936
-3472,77,0.0123377564
-3471,77,0.0123102055
-3470,77,0.0122702894
-3469,77,0.0122160286
-3468,77,0.012145781
-3467,77,0.0120581308
-3466,77,0.0119509807
-3465,77,0.0118275696
-3464,77,0.0116872909
-3463,77,0.0115295669
-3462,77,0.0113538566
-3461,77,0.0111596628
-3460,77,0.0109485609
-3459,77,0.0107208195
-3458,77,0.0104767119
-3457,77,0.0102165178
-3456,77,0.0099405242
-3455,77,0.0096655447
-3454,77,0.0093918088
-3453,77,0.0091199334
-3452,77,0.0088502847
-3451,77,0.0085830228
-3450,77,0.008335192
-3449,77,0.0081064194
-3448,77,0.0078968085
-3447,77,0.0077061723
-3446,77,0.0075342432
-3445,77,0.0073849423
-3444,77,0.0072569615
-3443,77,0.0071488549
-3442,77,0.0070588602
-3441,77,0.0069854186
-3440,77,0.0069160432
-3439,77,0.0068505607
-3438,77,0.0067888015
-3437,77,0.0067306004
-3436,77,0.0066757963
-3435,77,0.0066255695
-3434,77,0.0065797203
-3433,77,0.0065380517
-3432,77,0.0065003705
-3431,77,0.0064664866
-3430,77,0.0064330963
-3429,77,0.0064003021
-3428,77,0.0063682071
-3427,77,0.0063369151
-3426,77,0.0063065348
-3425,77,0.0062777684
-3424,77,0.0062508176
-3423,77,0.0062258811
-3422,77,0.006203159
-3421,77,0.0061828537
-3420,77,0.0061625394
-3419,77,0.006142537
-3418,77,0.0061231693
-3417,77,0.0061047637
-3416,77,0.0060876552
-3415,77,0.0060704729
-3414,77,0.0060533845
-3413,77,0.0060365543
-3412,77,0.0060201454
-3411,77,0.0060043206
-3410,77,0.0059894906
-3409,77,0.0059761739
-3408,77,0.0059648986
-3407,77,0.0059564649
-3406,77,0.0059512964
-3405,77,0.0059522845
-3404,77,0.0059621983
-3403,77,0.0059839206
-3402,77,0.0060210015
-3401,77,0.0060776051
-3400,77,0.0061589455
-3399,77,0.0062701303
-3398,77,0.0064167501
-3397,77,0.0066036788
-3396,77,0.0068350637
-3395,77,0.0071058741
-3394,77,0.0074171749
-3393,77,0.0077691049
-3392,77,0.0081615029
-3391,77,0.0085933783
-3390,77,0.0090636559
-3389,77,0.00957063
-3388,77,0.0101125281
-3387,77,0.0106870247
-3386,77,0.0112917461
-3385,77,0.0119135539
-3384,77,0.0125512617
-3383,77,0.0132035886
-3382,77,0.0138691513
-3381,77,0.0145464624
-3380,77,0.0152349527
-3379,77,0.0159331686
-3378,77,0.0166395822
-3377,77,0.0173525963
-3376,77,0.0180705512
-3375,77,0.0187935552
-3374,77,0.0195194154
-3373,77,0.0202454197
-3372,77,0.0209689689
-3371,77,0.0216876553
-3370,77,0.022401594
-3369,77,0.0231100673
-3368,77,0.0238123788
-3367,77,0.024507852
-3366,77,0.0251958292
-3365,77,0.0258777379
-3364,77,0.0265527756
-3363,77,0.0272205074
-3362,77,0.0278802629
-3361,77,0.0285317272
-3360,77,0.0291770604
-3359,77,0.0298152208
-3358,77,0.0304449322
-3357,77,0.0310650262
-3356,77,0.0316748907
-3355,77,0.0322720875
-3354,77,0.0328545703
-3353,77,0.0334198817
-3352,77,0.0339652107
-3351,77,0.0344873768
-3350,77,0.0349832112
-3349,77,0.0354477112
-3348,77,0.0358748303
-3347,77,0.0362594514
-3346,77,0.0365971925
-3345,77,0.0368945187
-3344,77,0.0371503701
-3343,77,0.0373646132
-3342,77,0.0375374145
-3341,77,0.0376697692
-3340,77,0.0377635623
-3339,77,0.037820372
-3338,77,0.0378420306
-3337,77,0.0378309228
-3336,77,0.0377892892
-3335,77,0.0377309203
-3334,77,0.0376569718
-3333,77,0.0375688803
-3332,77,0.0374683992
-3331,77,0.0373569797
-3330,77,0.0372346784
-3329,77,0.0371028514
-3328,77,0.0369629291
-3327,77,0.0368164101
-3326,77,0.0366646592
-3325,77,0.0365068176
-3324,77,0.0363448666
-3323,77,0.0361813099
-3322,77,0.036018537
-3321,77,0.0358587441
-3320,77,0.0357018594
-3319,77,0.0355490938
-3318,77,0.0354009012
-3317,77,0.0352582534
-3316,77,0.0351218777
-3315,77,0.0349924225
-3314,77,0.0348706928
-3313,77,0.034757134
-3312,77,0.0346524372
-3311,77,0.0345569914
-3310,77,0.034471539
-3309,77,0.0343964275
-3308,77,0.0343318721
-3307,77,0.034277901
-3306,77,0.0342345969
-3305,77,0.0341995814
-3304,77,0.0341717119
-3303,77,0.0341501547
-3302,77,0.0341338075
-3301,77,0.0341215294
-3300,77,0.0341104966
-3299,77,0.0341018821
-3298,77,0.0340960739
-3297,77,0.0340939989
-3296,77,0.0340963274
-3295,77,0.0340969016
-3294,77,0.0340958225
-3293,77,0.0340932115
-3292,77,0.0340892091
-3291,77,0.0340839721
-3290,77,0.0340782539
-3289,77,0.0340795349
-3288,77,0.0340933629
-3287,77,0.0341254504
-3286,77,0.0341822389
-3285,77,0.0342386283
-3284,77,0.0342946319
-3283,77,0.0343500774
-3282,77,0.0344045775
-3281,77,0.034458152
-3280,77,0.0345074062
-3279,77,0.0345525316
-3278,77,0.0345937097
-3277,77,0.0346311122
-3276,77,0.034665095
-3275,77,0.0346965183
-3274,77,0.0347255348
-3273,77,0.0347522981
-3272,77,0.0347769631
-3271,77,0.034799686
-3270,77,0.0348174049
-3269,77,0.0348299124
-3268,77,0.0348377325
-3267,77,0.0348408502
-3266,77,0.0348394777
-3265,77,0.03483803
-3264,77,0.0348369823
-3263,77,0.0348372271
-3262,77,0.0348388804
-3261,77,0.0348425592
-3260,77,0.0348468618
-3259,77,0.0348517209
-3258,77,0.0348574459
-3257,77,0.0348641718
-3256,77,0.0348718156
-3255,77,0.0348803934
-3254,77,0.0348901235
-3253,77,0.034900825
-3252,77,0.0349125226
-3251,77,0.0349252411
-3250,77,0.0349363224
-3249,77,0.0349445993
-3248,77,0.0349496902
-3247,77,0.0349506759
-3246,77,0.0349468943
-3245,77,0.0349492455
-3244,77,0.0349584031
-3243,77,0.0349749904
-3242,77,0.0349995699
-3241,77,0.0350326337
-3240,77,0.0350757335
-3239,77,0.0351223211
-3238,77,0.0351673914
-3237,77,0.0352055552
-3236,77,0.0352304555
-3235,77,0.0352627163
-3234,77,0.0353022953
-3233,77,0.0353490887
-3232,77,0.0354029308
-3231,77,0.0354633958
-3230,77,0.035532246
-3229,77,0.0356091645
-3228,77,0.0356938351
-3227,77,0.0357859413
-3226,77,0.0358851662
-3225,77,0.035984597
-3224,77,0.036084016
-3223,77,0.0361832109
-3222,77,0.0362819747
-3221,77,0.0363801054
-3220,77,0.0364756759
-3219,77,0.0365675813
-3218,77,0.0366550264
-3217,77,0.0367373214
-3216,77,0.0368140771
-3215,77,0.0368861732
-3214,77,0.0369528744
-3213,77,0.037013068
-3212,77,0.0370664528
-3211,77,0.0371122174
-3210,77,0.0371536162
-3209,77,0.0371905357
-3208,77,0.0372228687
-3207,77,0.0372505149
-3206,77,0.0372733806
-3205,77,0.0372926752
-3204,77,0.0373084631
-3203,77,0.0373208178
-3202,77,0.0373298217
-3201,77,0.0373355654
-3200,77,0.03734076
-3199,141,0.0373455666
-3198,141,0.0373501454
-3197,141,0.0373546543
-3196,141,0.0373592474
-3195,141,0.0373589364
-3194,141,0.0373532556
-3193,141,0.0373413757
-3192,141,0.0373227011
-3191,141,0.0372966914
-3190,141,0.0372622701
-3189,141,0.0372188811
-3188,141,0.0371665797
-3187,141,0.0371053986
-3186,141,0.0370357886
-3185,141,0.0369640062
-3184,141,0.0368912661
-3183,141,0.0368187564
-3182,141,0.0367476118
-3181,141,0.0366790865
-3180,141,0.036614625
-3179,141,0.0365546487
-3178,141,0.036499495
-3177,141,0.036449412
-3176,141,0.0364043586
-3175,141,0.0363675072
-3174,141,0.0363388537
-3173,141,0.0363183605
-3172,141,0.0363059568
-3171,141,0.0363015394
-3170,141,0.0363027382
-3169,141,0.0363100035
-3168,141,0.0363234805
-3167,141,0.0363432076
-3166,141,0.0363689157
-3165,141,0.0363958825
-3164,141,0.0364239567
-3163,141,0.0364529704
-3162,141,0.03648274
-3161,141,0.0365132707
-3160,141,0.0365432254
-3159,141,0.0365724914
-3158,141,0.0366009601
-3157,141,0.0366285274
-3156,141,0.0366550942
-3155,141,0.0366819407
-3154,141,0.0367090094
-3153,141,0.0367362379
-3152,141,0.036763559
-3151,141,0.036790901
-3150,141,0.036815071
-3149,141,0.0368360818
-3148,141,0.0368539827
-3147,141,0.0368688575
-3146,141,0.0368808215
-3145,141,0.0368908932
-3144,141,0.0368989747
-3143,141,0.0369053762
-3142,141,0.0369102287
-3141,141,0.0369136723
-3140,141,0.0369157613
-3139,141,0.0369163087
-3138,141,0.03691492
-3137,141,0.0369110681
-3136,141,0.0369044139
-3135,141,0.0368921227
-3134,141,0.0368733483
-3133,141,0.0368469226
-3132,141,0.0368119868
-3131,141,0.0367678224
-3130,141,0.0367173176
-3129,141,0.0366608063
-3128,141,0.0365992477
-3127,141,0.036533498
-3126,141,0.0364647201
-3125,141,0.0363980602
-3124,141,0.0363355799
-3123,141,0.0362793948
-3122,141,0.0362320059
-3121,141,0.0361956318
-3120,141,0.0361819765
-3119,141,0.0361946096
-3118,141,0.0362371773
-3117,141,0.0363138168
-3116,141,0.0364297179
-3115,141,0.0365798548
-3114,141,0.0367669443
-3113,141,0.0369936358
-3112,141,0.037262435
-3111,141,0.0375754174
-3110,141,0.0379347529
-3109,141,0.0383429396
-3108,141,0.0388023974
-3107,141,0.0393149427
-3106,141,0.0398816279
-3105,141,0.0404864453
-3104,141,0.0411297703
-3103,141,0.0418114782
-3102,141,0.0425311485
-3101,141,0.0432880413
-3100,141,0.0440322599
-3099,141,0.0447630555
-3098,141,0.0454796989
-3097,141,0.0461814841
-3096,141,0.0468677319
-3095,141,0.0475170928
-3094,141,0.0481296841
-3093,141,0.0487055904
-3092,141,0.0492451432
-3091,141,0.0497493437
-3090,141,0.0502275721
-3089,141,0.0506805297
-3088,141,0.0511085784
-3087,141,0.051512518
-3086,141,0.0518930277
-3085,141,0.0522545527
-3084,141,0.0525973687
-3083,141,0.0529221781
-3082,141,0.0532295012
-3081,141,0.0535198664
-3080,141,0.0538049156
-3079,141,0.0540840147
-3078,141,0.054356
-3077,141,0.054619911
-3076,141,0.0548747796
-3075,141,0.0551195136
-3074,141,0.0553521277
-3073,141,0.0555706093
-3072,141,0.055772587
-3071,141,0.0559559982
-3070,141,0.05611387
-3069,141,0.0562427072
-3068,141,0.0563389347
-3067,141,0.0563984832
-3066,141,0.056416228
-3065,141,0.0564084143
-3064,141,0.0563725493
-3063,141,0.0563061827
-3062,141,0.056206983
-3061,141,0.0560728192
-3060,141,0.055902384
-3059,141,0.0556932529
-3058,141,0.0554430676
-3057,141,0.055150061
-3056,141,0.0548132173
-3055,141,0.0544940481
-3054,141,0.0541980529
-3053,141,0.053930681
-3052,141,0.0536968898
-3051,141,0.0535003254
-3050,141,0.0533864528
-3049,141,0.0533541938
-3048,141,0.0534003324
-3047,141,0.0535197322
-3046,141,0.053705432
-3045,141,0.0539599433
-3044,141,0.0542786156
-3043,141,0.0546563738
-3042,141,0.0550877349
-3041,141,0.0555658247
-3040,141,0.0560728156
-3039,141,0.0566062547
-3038,141,0.0571640126
-3037,141,0.0577434963
-3036,141,0.0583422521
-3035,141,0.0589510631
-3034,141,0.0595655706
-3033,141,0.060181504
-3032,141,0.0607947235
-3031,141,0.0614012609
-3030,141,0.0620055695
-3029,141,0.0626071384
-3028,141,0.0632054568
-3027,141,0.0638000153
-3026,141,0.0643903067
-3025,141,0.0649742402
-3024,141,0.0655517396
-3023,141,0.0661227356
-3022,141,0.0666871656
-3021,141,0.0672449736
-3020,141,0.0678207345
-3019,141,0.0684142313
-3018,141,0.0690252298
-3017,141,0.0696534787
-3016,141,0.0702987091
-3015,141,0.0709584388
-3014,141,0.0716318239
-3013,141,0.0723179529
-3012,141,0.0730158471
-3011,141,0.0737244623
-3010,141,0.07442844
-3009,141,0.0751269925
-3008,141,0.0758193522
-3007,141,0.0765047731
-3006,141,0.0771825335
-3005,141,0.0778087627
-3004,141,0.0783770596
-3003,141,0.0788815774
-3002,141,0.0793172617
-3001,141,0.0796806943
-3000,141,0.0799831188
-2999,141,0.0802260022
-2998,141,0.0804128903
-2997,141,0.080549191
-2996,141,0.0806420797
-2995,141,0.0807055767
-2994,141,0.0807438917
-2993,141,0.0807616759
-2992,141,0.0807637279
-2991,141,0.0807555559
-2990,141,0.0807477527
-2989,141,0.0807419831
-2988,141,0.0807397257
-2987,141,0.0807428589
-2986,141,0.0807530669
-2985,141,0.0807732704
-2984,141,0.0808069778
-2983,141,0.0808575879
-2982,141,0.0809283522
-2981,141,0.0810223391
-2980,141,0.0811200981
-2979,141,0.081221739
-2978,141,0.0813273844
-2977,141,0.0814371686
-2976,141,0.0815512376
-2975,141,0.0816794154
-2974,141,0.0818215688
-2973,141,0.0819775518
-2972,141,0.0821472051
-2971,141,0.082330357
-2970,141,0.0824956783
-2969,141,0.082642866
-2968,141,0.0827716481
-2967,141,0.0828817842
-2966,141,0.0829730662
-2965,141,0.0830434105
-2964,141,0.0830934061
-2963,141,0.0831237097
-2962,141,0.0831350443
-2961,141,0.0831281978
-2960,141,0.0831123592
-2959,141,0.0830875151
-2958,141,0.0830536488
-2957,141,0.0830107402
-2956,141,0.082958765
-2955,141,0.0828803732
-2954,141,0.0827730341
-2953,141,0.0826344621
-2952,141,0.0824626396
-2951,141,0.0822558356
-2950,141,0.0819925168
-2949,141,0.0816689865
-2948,141,0.0812825575
-2947,141,0.0808315824
-2946,141,0.0803154512
-2945,141,0.0797206767
-2944,141,0.0790508335
-2943,141,0.0783110133
-2942,141,0.0775076887
-2941,141,0.076647621
-2940,141,0.0757455757
-2939,141,0.0748061078
-2938,141,0.0738337829
-2937,141,0.072833298
-2936,141,0.0718088313
-2935,141,0.0707635154
-2934,141,0.0697034246
-2933,141,0.0686343454
-2932,141,0.0675611157
-2931,141,0.0664886457
-2930,141,0.0654235111
-2929,141,0.0643698158
-2928,141,0.0633305092
-2927,141,0.0623079005
-2926,141,0.0613041299
-2925,141,0.0603084035
-2924,141,0.0593219374
-2923,141,0.0583457252
-2922,141,0.057380297
-2921,141,0.05642644
-2920,141,0.0554956628
-2919,141,0.0545889779
-2918,141,0.0537069465
-2917,141,0.0528505698
-2916,141,0.0520212515
-2915,141,0.0512212549
-2914,141,0.0504532827
-2913,141,0.0497212533
-2912,141,0.0490308003
-2911,141,0.048389611
-2910,141,0.0477929598
-2909,141,0.0472465499
-2908,141,0.0467565317
-2907,141,0.0463297512
-2906,141,0.0459734932
-2905,141,0.0457653702
-2904,141,0.0457312425
-2903,141,0.0458948527
-2902,141,0.0462757572
-2901,141,0.0468854622
-2900,141,0.0476864403
-2899,153,0.048675353
-2898,153,0.0498439274
-2897,153,0.0511789421
-2896,153,0.05266365
-2895,153,0.0542617327
-2894,153,0.0559669103
-2893,153,0.05777123
-2892,153,0.0596652267
-2891,153,0.0616390431
-2890,153,0.0636729615
-2889,153,0.0657542267
-2888,153,0.0678707465
-2887,153,0.0700113372
-2886,153,0.0721657455
-2885,153,0.0743233533
-2884,153,0.0764712221
-2883,153,0.078599684
-2882,153,0.0807025258
-2881,153,0.0827755448
-2880,153,0.0848330351
-2879,153,0.0868712721
-2878,153,0.0888877793
-2877,153,0.0908810088
-2876,153,0.0928492671
-2875,153,0.0947971513
-2874,153,0.09672421
-2873,153,0.0986298322
-2872,153,0.1005142855
-2871,153,0.1023771869
-2870,153,0.1042232943
-2869,153,0.1060521067
-2868,153,0.1078635634
-2867,153,0.109657153
-2866,153,0.1114317522
-2865,153,0.1131669765
-2864,153,0.1148622027
-2863,153,0.1165157251
-2862,153,0.1181239968
-2861,153,0.1196812395
-2860,153,0.1211963627
-2859,153,0.1226676125
-2858,153,0.1240910408
-2857,153,0.1254609022
-2856,153,0.1267693707
-2855,153,0.127953831
-2854,153,0.1289909517
-2853,153,0.1298591688
-2852,153,0.130540736
-2851,153,0.1310255752
-2850,153,0.1313759161
-2849,153,0.1315980515
-2848,153,0.1317022859
-2847,153,0.131702925
-2846,153,0.1316168601
-2845,153,0.1314977473
-2844,153,0.1313475475
-2843,153,0.1311696832
-2842,153,0.1309681444
-2841,153,0.1307491473
-2840,153,0.1305194958
-2839,153,0.1302948888
-2838,153,0.1300908966
-2837,153,0.1299218639
-2836,153,0.1298003977
-2835,153,0.1297365539
-2834,153,0.1297335149
-2833,153,0.1297855566
-2832,153,0.1298782611
-2831,153,0.1299898659
-2830,153,0.130099825
-2829,153,0.1301993826
-2828,153,0.1302790926
-2827,153,0.1303285173
-2826,153,0.1303373478
-2825,153,0.1303395506
-2824,153,0.1303340466
-2823,153,0.1303201546
-2822,153,0.1302967938
-2821,153,0.1302632934
-2820,153,0.1302443513
-2819,153,0.1302394266
-2818,153,0.1302479648
-2817,153,0.1302693991
-2816,153,0.1303033486
-2815,153,0.1303488624
-2814,153,0.1304039322
-2813,153,0.1304664122
-2812,153,0.1305342798
-2811,153,0.1306056853
-2810,153,0.1306689084
-2809,153,0.1307205335
-2808,153,0.1307588904
-2807,153,0.1307834064
-2806,153,0.1307951457
-2805,153,0.1308553837
-2804,153,0.1309587168
-2803,153,0.1310997484
-2802,153,0.1312731953
-2801,153,0.1314739876
-2800,153,0.1316738172
-2799,153,0.1318733866
-2798,153,0.1320733127
-2797,153,0.1322741207
-2796,153,0.132476239
-2795,153,0.1326693276
-2794,153,0.1328539091
-2793,153,0.1330292091
-2792,153,0.1331940258
-2791,153,0.1333450426
-2790,153,0.133497415
-2789,153,0.1336431395
-2788,153,0.1337736521
-2787,153,0.1338805588
-2786,153,0.1339567781
-2785,153,0.1340119107
-2784,153,0.1340419346
-2783,153,0.1340501381
-2782,153,0.1340461108
-2781,153,0.134045562
-2780,153,0.1340516772
-2779,153,0.1340708666
-2778,153,0.1341104087
-2777,153,0.134178574
-2776,153,0.1342841195
-2775,153,0.1343868753
-2774,153,0.1344874767
-2773,153,0.1345868177
-2772,153,0.1346860041
-2771,153,0.1347863078
-2770,153,0.1348626679
-2769,153,0.1349157861
-2768,153,0.1349466149
-2767,153,0.1349557312
-2766,153,0.1349441472
-2765,153,0.1349301677
-2764,153,0.1349139204
-2763,153,0.1348955428
-2762,153,0.1348751826
-2761,153,0.1348529971
-2760,153,0.1348442838
-2759,153,0.1348492314
-2758,153,0.1348680177
-2757,153,0.13490081
-2756,153,0.1349475679
-2755,153,0.1349541373
-2754,153,0.1349265475
-2753,153,0.1348708556
-2752,153,0.134793032
-2751,153,0.1346986533
-2750,153,0.1346244385
-2749,153,0.1345717178
-2748,153,0.1345408896
-2747,153,0.1345312141
-2746,153,0.1345406418
-2745,153,0.1345777147
-2744,153,0.134638634
-2743,153,0.1347178649
-2742,153,0.1348084852
-2741,153,0.1349018475
-2740,153,0.134987568
-2739,153,0.1350660507
-2738,153,0.1351379145
-2737,153,0.1352033926
-2736,153,0.1352629301
-2735,153,0.1353054353
-2734,153,0.1353375426
-2733,153,0.1353647747
-2732,153,0.1353922004
-2731,153,0.1354245164
-2730,153,0.135452523
-2729,153,0.1354758723
-2728,153,0.1354941796
-2727,153,0.1355075539
-2726,153,0.1355163662
-2725,153,0.1355199919
-2724,153,0.1355181778
-2723,153,0.1355110828
-2722,153,0.1354991867
-2721,153,0.1354831987
-2720,153,0.135465664
-2719,153,0.135446431
-2718,153,0.1354255955
-2717,153,0.1354033116
-2716,153,0.1353797676
-2715,153,0.1353634057
-2714,153,0.135354154
-2713,153,0.1353523322
-2712,153,0.1353580485
-2711,153,0.1353712074
-2710,153,0.135385453
-2709,153,0.1354007812
-2708,153,0.1354171867
-2707,153,0.135434663
-2706,153,0.1354534001
-2705,153,0.1354546964
-2704,153,0.1354393596
-2703,153,0.135408077
-2702,153,0.1353614109
-2701,153,0.135300391
-2700,153,0.1352105474
-2699,153,0.135091355
-2698,153,0.1349431917
-2697,153,0.1347675363
-2696,153,0.1345671337
-2695,153,0.134345809
-2694,153,0.134107618
-2693,153,0.1338585289
-2692,153,0.1336058781
-2691,153,0.1333587073
-2690,153,0.133105702
-2689,153,0.1328477775
-2688,153,0.1325851769
-2687,153,0.1323182785
-2686,153,0.1320473932
-2685,153,0.1317739662
-2684,153,0.1314992355
-2683,153,0.1312243176
-2682,153,0.1309502314
-2681,153,0.1306778502
-2680,153,0.1304154654
-2679,153,0.1301659308
-2678,153,0.1299316597
-2677,153,0.129714278
-2676,153,0.1295146503
-2675,153,0.1293373273
-2674,153,0.1291826042
-2673,153,0.1290501369
-2672,153,0.1289390762
-2671,153,0.1288482027
-2670,153,0.1287670202
-2669,153,0.1286953854
-2668,153,0.1286325034
-2667,153,0.1285783062
-2666,153,0.1285320761
-2665,153,0.1284807969
-2664,153,0.1284252263
-2663,153,0.1283652666
-2662,153,0.1283007931
-2661,153,0.1282320246
-2660,153,0.1281614511
-2659,153,0.1280894245
-2658,153,0.128016314
-2657,153,0.1279417267
-2656,153,0.1278658861
-2655,153,0.1277994521
-2654,153,0.1277411724
-2653,153,0.1276899498
-2652,153,0.1276448516
-2651,153,0.1276047196
-2650,153,0.1275678991
-2649,153,0.1275328551
-2648,153,0.1274980038
-2647,153,0.1274615341
-2646,153,0.1274220892
-2645,153,0.1273692563
-2644,153,0.127299648
-2643,153,0.1272093036
-2642,153,0.127094494
-2641,153,0.1269520885
-2640,153,0.126813889
-2639,153,0.1266790994
-2638,153,0.1265473971
-2637,153,0.126418725
-2636,153,0.1262928953
-2635,153,0.1261811747
-2634,153,0.1260823933
-2633,153,0.1259955363
-2632,153,0.1259196524
-2631,153,0.1258536569
-2630,153,0.1257916939
-2629,153,0.1257335233
-2628,153,0.1256790897
-2627,153,0.1256281298
-2626,153,0.1255809534
-2625,153,0.1255235739
-2624,153,0.1254544824
-2623,153,0.125372109
-2622,153,0.1252753206
-2621,153,0.1251627025
-2620,153,0.1250653462
-2619,153,0.1249820198
-2618,153,0.1249124351
-2617,153,0.1248546543
-2616,153,0.124807703
-2615,153,0.1247571296
-2614,153,0.1247019759
-2613,153,0.1246419578
-2612,153,0.1245766208
-2611,153,0.1245055645
-2610,153,0.1244273476
-2609,153,0.1243411146
-2608,153,0.124246335
-2607,153,0.1241426299
-2606,153,0.1240291997
-2605,153,0.1238719405
-2604,153,0.1236655548
-2603,153,0.1234071126
-2602,153,0.123095793
-2601,153,0.122733895
-2600,153,0.1223392726
-2599,153,0.1219148991
-2598,153,0.1214647474
-2597,153,0.1209935155
-2596,153,0.1205060294
-2595,153,0.1200148562
-2594,153,0.1195299738
-2593,153,0.1190618789
-2592,153,0.1186206155
-2591,153,0.1182152718
-2590,153,0.1178164641
-2589,153,0.1174275941
-2588,153,0.1170517274
-2587,153,0.1166914434
-2586,153,0.1163492192
-2585,153,0.1159959034
-2584,153,0.1156327829
-2583,153,0.1152608396
-2582,153,0.1148814334
-2581,153,0.1144957207
-2580,153,0.11410429
-2579,153,0.1137072279
-2578,153,0.1133046275
-2577,153,0.1128967799
-2576,153,0.1124835862
-2575,153,0.1120924961
-2574,153,0.111725362
-2573,153,0.1113840049
-2572,153,0.1110697181
-2571,153,0.1107839878
-2570,153,0.1104826763
-2569,153,0.1101670894
-2568,153,0.1098377528
-2567,153,0.1094964414
-2566,153,0.1091441563
-2565,153,0.108782899
-2564,153,0.1084133854
-2563,153,0.1080361695
-2562,153,0.1076522616
-2561,153,0.1072625236
-2560,153,0.1068594984
-2559,153,0.1064457744
-2558,153,0.1060236539
-2557,153,0.105596115
-2556,153,0.1051663915
-2555,153,0.1047825108
-2554,153,0.1044501352
-2553,153,0.1041725864
-2552,153,0.103951102
-2551,153,0.1037838231
-2550,153,0.1036476082
-2549,153,0.1035412884
-2548,153,0.1034622422
-2547,153,0.103407969
-2546,153,0.1033752394
-2545,153,0.1033598016
-2544,153,0.1033559258
-2543,153,0.1033577679
-2542,153,0.1033597289
-2541,153,0.103356589
-2540,153,0.1033497328
-2539,153,0.1033388977
-2538,153,0.1033239809
-2537,153,0.10330576
-2536,153,0.1032848189
-2535,153,0.1032634043
-2534,153,0.1032414935
-2533,153,0.1032190639
-2532,153,0.1031960925
-2531,153,0.1031725564
-2530,153,0.1031337947
-2529,153,0.1030817798
-2528,153,0.103018789
-2527,153,0.1029467846
-2526,153,0.1028679601
-2525,153,0.1027697299
-2524,153,0.1026562088
-2523,153,0.1025313958
-2522,153,0.1023991106
-2521,153,0.1022631787
-2520,153,0.1021367848
-2519,153,0.1020225944
-2518,153,0.1019226878
-2517,153,0.1018391551
-2516,153,0.1017741097
-2515,153,0.1017450618
-2514,153,0.1017530142
-2513,153,0.1017986287
-2512,153,0.1018820327
-2511,153,0.1020034372
-2510,153,0.1021494381
-2509,153,0.1023179409
-2508,153,0.102506795
-2507,153,0.1027137896
-2506,153,0.1029362611
-2505,153,0.1031687305
-2504,153,0.1034110594
-2503,153,0.103662902
-2502,153,0.1039242856
-2501,153,0.1041950081
-2500,153,0.104511885
-2499,153,0.1048720082
-2498,153,0.1052722599
-2497,153,0.1057069263
-2496,153,0.1061706433
-2495,153,0.1066587177
-2494,153,0.1071633546
-2493,153,0.1076767084
-2492,153,0.1081914363
-2491,153,0.1087003624
-2490,153,0.1091968924
-2489,153,0.1096757362
-2488,153,0.1101321322
-2487,153,0.1105621308
-2486,153,0.1109623856
-2485,153,0.1113514763
-2484,153,0.1117297024
-2483,153,0.1120978084
-2482,153,0.1124566335
-2481,153,0.1128071815
-2480,153,0.113172016
-2479,153,0.1135492487
-2478,153,0.1139367027
-2477,153,0.1143325325
-2476,153,0.1147346764
-2475,153,0.1151432502
-2474,153,0.1155536296
-2473,153,0.1159613595
-2472,153,0.1163622175
-2471,153,0.11675203
-2470,153,0.1171327883
-2469,153,0.1175018288
-2468,153,0.1178570729
-2467,153,0.1181964323
-2466,153,0.1185177954
-2465,153,0.1188165816
-2464,153,0.1190913385
-2463,153,0.1193408998
-2462,153,0.1195645789
-2461,153,0.1197615533
-2460,153,0.1199538688
-2459,153,0.1201416894
-2458,153,0.1203251775
-2457,153,0.1205044865
-2456,153,0.1206797672
-2455,153,0.1208439575
-2454,153,0.1209971507
-2453,153,0.1211396472
-2452,153,0.1212715769
-2451,153,0.1213928962
-2450,153,0.1214724185
-2449,153,0.121512382
-2448,153,0.1215155629
-2447,153,0.1214867569
-2446,153,0.1214306031
-2445,153,0.1213532222
-2444,153,0.1212623385
-2443,153,0.1211655264
-2442,153,0.1210700363
-2441,153,0.1209829092
-2440,153,0.1209032574
-2439,153,0.1208332398
-2438,153,0.1207746639
-2437,153,0.120728132
-2436,153,0.1206939396
-2435,153,0.120664983
-2434,153,0.1206414346
-2433,153,0.1206228344
-2432,153,0.1206084459
-2431,153,0.1205977728
-2430,153,0.1205879673
-2429,153,0.1205794516
-2428,153,0.120572587
-2427,153,0.120567669
-2426,153,0.1205651322
-2425,153,0.1205632663
-2424,153,0.1205620575
-2423,153,0.1205618697
-2422,153,0.1205626637
-2421,153,0.1205647899
-2420,153,0.1205661879
-2419,153,0.1205666652
-2418,153,0.1205664267
-2417,153,0.120565474
-2416,153,0.1205638092
-2415,153,0.1205631375
-2414,153,0.1205634482
-2413,153,0.1205647301
-2412,153,0.1205671714
-2411,153,0.1205705685
-2410,153,0.1205734087
-2409,153,0.1205757468
-2408,153,0.1205776805
-2407,153,0.1205795323
-2406,153,0.1205812542
-2405,153,0.1205836956
-2404,153,0.1205873638
-2403,153,0.1205927652
-2402,153,0.1206001922
-2401,153,0.1206103199
-2400,153,0.1206206838
-2399,153,0.1206312221
-2398,153,0.1206418673
-2397,153,0.1206523673
-2396,153,0.120662858
-2395,153,0.120670892
-2394,153,0.1206759802
-2393,153,0.120677427
-2392,153,0.120674524
-2391,153,0.1206668033
-2390,153,0.1206589189
-2389,153,0.1206508714
-2388,153,0.1206426616
-2387,153,0.1206340912
-2386,153,0.1206253635
-2385,153,0.1206200908
-2384,153,0.1206177871
-2383,153,0.1206181545
-2382,153,0.1206210781
-2381,153,0.1206260393
-2380,153,0.120632246
-2379,153,0.1206391845
-2378,153,0.1206463848
-2377,153,0.1206534271
-2376,153,0.1206597372
-2375,153,0.1206613795
-2374,153,0.1206600247
-2373,153,0.1206570319
-2372,153,0.1206543844
-2371,153,0.1206528944
-2370,153,0.1206531591
-2369,153,0.1206557374
-2368,153,0.120660544
-2367,153,0.1206678317
-2366,153,0.1206780199
-2365,153,0.1206899226
-2364,153,0.1207038287
-2363,153,0.1207195849
-2362,153,0.120736826
-2361,153,0.1207559514
-2360,153,0.1207785206
-2359,153,0.1208043285
-2358,153,0.1208329285
-2357,153,0.1208640692
-2356,153,0.1208974416
-2355,153,0.1209294978
-2354,153,0.1209597225
-2353,153,0.1209876017
-2352,153,0.1210126331
-2351,153,0.1210343343
-2350,153,0.1210531342
-2349,153,0.1210691571
-2348,153,0.1210821548
-2347,153,0.1210922709
-2346,153,0.1210994485
-2345,153,0.1211072339
-2344,153,0.1211153413
-2343,153,0.1211238769
-2342,153,0.1211327671
-2341,153,0.12114173
-2340,153,0.1211497659
-2339,153,0.1211566662
-2338,153,0.1211626317
-2337,153,0.1211678503
-2336,153,0.1211721082
-2335,153,0.1211783959
-2334,153,0.1211869271
-2333,153,0.1211976971
-2332,153,0.1212107421
-2331,153,0.1212263019
-2330,153,0.1212422188
-2329,153,0.1212582989
-2328,153,0.1212747506
-2327,153,0.1212915783
-2326,153,0.1213087858
-2325,153,0.1213333631
-2324,153,0.1213638875
-2323,153,0.1213982103
-2322,153,0.1214347817
-2321,153,0.1214722361
-2320,153,0.1215122991
-2319,153,0.1215550833
-2318,153,0.1216011391
-2317,153,0.1216509458
-2316,153,0.1217048039
-2315,153,0.1217670256
-2314,153,0.121839963
-2313,153,0.1219266339
-2312,153,0.1220312042
-2311,153,0.122158058
-2310,153,0.1222954772
-2309,153,0.1224445147
-2308,153,0.1226062821
-2307,153,0.1227817235
-2306,153,0.1229722732
-2305,153,0.1231885545
-2304,153,0.1234330439
-2303,153,0.1237083588
-2302,153,0.124017407
-2301,153,0.12436304
-2300,153,0.1247505675
-2299,153,0.1251826011
-2298,153,0.1256624249
-2297,153,0.1261931935
-2296,153,0.1267779431
-2295,153,0.1273827041
-2294,153,0.1280078861
-2293,153,0.1286543154
-2292,153,0.1293226207
-2291,153,0.1300134414
-2290,153,0.1307048644
-2289,153,0.1313970924
-2288,153,0.1320899188
-2287,153,0.1327833486
-2286,153,0.1334773873
-2285,153,0.1341083153
-2284,153,0.134679788
-2283,153,0.1351952596
-2282,153,0.1356582686
-2281,153,0.1360720747
-2280,153,0.1364589813
-2279,153,0.1368208344
-2278,153,0.1371590055
-2277,153,0.1374748028
-2276,153,0.1377698684
-2275,153,0.1380133331
-2274,153,0.138211202
-2273,153,0.1383700051
-2272,153,0.1384945824
-2271,153,0.1385897578
-2270,153,0.1386853043
-2269,153,0.1387812878
-2268,153,0.1388767757
-2267,153,0.1389713722
-2266,153,0.1390643022
-2265,153,0.1391405485
-2264,153,0.1391979305
-2263,153,0.1392334277
-2262,153,0.1392436979
-2261,153,0.1392243801
-2260,153,0.1392081986
-2259,153,0.1391958328
-2258,153,0.1391884127
-2257,153,0.1391867185
-2256,153,0.1391917927
-2255,153,0.1392031995
-2254,153,0.1392226402
-2253,153,0.1392514768
-2252,153,0.1392910265
-2251,153,0.1393426344
-2250,153,0.1393273364
-2249,153,0.1392435121
-2248,153,0.1390892267
-2247,153,0.1388626415
-2246,153,0.1385620051
-2245,153,0.1382123048
-2244,153,0.1378157804
-2243,153,0.1373741232
-2242,153,0.1368886958
-2241,153,0.1363609163
-2240,153,0.1358534679
-2239,153,0.1353683728
-2238,153,0.1349077485
-2237,153,0.134473819
-2236,153,0.1340689274
-2235,153,0.1337762095
-2234,153,0.1335985673
-2233,153,0.1335402045
-2232,153,0.1336057073
-2231,153,0.1338000312
-2230,153,0.1341580216
-2229,153,0.1346970382
-2228,153,0.135434577
-2227,153,0.1363887357
-2226,153,0.1375758275
-2225,153,0.1390227672
-2224,153,0.1407386115
-2223,153,0.142730902
-2222,153,0.1450054259
-2221,153,0.1475655413
-2220,153,0.1503049612
-2219,153,0.1532224487
-2218,153,0.1563163655
-2217,153,0.1595821584
-2216,153,0.1630138811
-2215,153,0.1665016055
-2214,153,0.17004445
-2213,153,0.1736421006
-2212,153,0.1772933802
-2211,153,0.1809974887
-2210,153,0.184649491
-2209,153,0.1882473363
-2208,153,0.1917886893
-2207,153,0.1952713383
-2206,153,0.1986927747
-2205,153,0.2019751884
-2204,153,0.2051113023
-2203,153,0.2080946834
-2202,153,0.2109189273
-2201,153,0.2135785278
-2200,153,0.2161999722
